,2015_3,2015_11,2011_3,2010_0,2015_0,2009_8,2015_4,2018_7,2013_0,2018_28,2007_12,1994_9,2018_6,1995_3,2018_10,2018_15,2018_9,2012_26,2005_6,2017_2
0,the,the,the,the,the,the,the,the,the,the,the,the,the,the,the,the,the,the,the,the
1,of,of,of,of,of,of,of,of,of,of,of,of,of,acreage,of,of,of,of,of,of
2,to,taxable,and,or,thence,to,to,to,to,or,and,nonattainment,sbir,of,alien,to,veteran,annuity,intelligence,and
3,and,to,to,to,wilderness,mortgagee,and,or,and,swap,to,to,to,cotton,to,copyright,to,annuitant,to,to
4,in,in,in,and,park,and,in,and,or,to,or,and,sttr,wheat,or,landsat,or,to,greens,in
5,or,or,or,in,and,mortgagor,or,in,in,and,deepwater,or,and,crop,visa,or,and,or,or,or
6,for,such,this,any,to,or,cuba,spirits,tribe,in,effluent,in,or,quota,nonimmigrant,subscriber,in,survivor,and,sergeant
7,such,for,for,such,creek,in,for,distilled,shall,sipc,in,emission,in,to,and,cable,such,and,flowers,for
8,this,and,student,shall,fork,homeownership,this,nafta,boxing,such,this,lamp,for,peanuts,in,and,for,in,in,shall
9,under,any,under,by,battlefield,this,hiv,countervailable,for,any,such,this,shall,planted,aliens,franchising,secretary,this,promoflor,doorkeeper
10,shall,shall,such,this,in,for,such,such,be,issuer,for,for,offeror,and,immigrant,in,this,under,such,be
11,section,section,shall,be,river,under,be,this,navajo,indenture,shall,shall,by,sugar,visas,phonorecord,under,shall,shall,such
12,be,be,that,for,township,such,shall,for,indians,futures,pollutant,such,this,in,deportable,retransmission,shall,for,for,this
13,by,by,teachers,depository,forest,shall,united,wto,roll,dealer,any,ozone,be,for,this,such,be,section,any,franked
14,pesticide,which,section,under,confluence,secretary,states,wine,such,investors,under,under,such,upland,inadmissible,multichannel,by,be,watermelons,by
15,with,as,be,as,or,be,pakistan,shall,this,broker,solid,pollutant,that,or,for,signal,cemetery,such,by,under
16,secretary,multiemployer,with,thrift,corner,section,by,hts,any,this,hazardous,emissions,under,tobacco,shall,programming,section,thrift,be,any
17,as,under,by,section,headwaters,housing,cuban,under,by,shall,be,ambient,section,milk,such,shall,any,an,plantship,section
18,that,this,youth,conservator,seashore,by,soviet,any,hopi,by,section,section,any,burley,under,intelsat,is,by,this,as
19,is,is,secretary,with,trail,any,any,saharan,crow,for,sludge,any,is,cropland,section,subscribers,veterans,any,section,senator
20,any,year,school,that,monument,mortgages,section,be,indian,swaps,coastal,be,offerors,sugarcane,crewman,transmissions,as,service,under,is
21,an,taxpayer,state,sipc,shall,that,under,merchandise,passamaquoddy,commission,dumping,lamps,business,shall,asylum,ntia,nursing,is,cut,printer
22,ma,plan,as,is,scenic,mortgage,that,antidumping,secretary,be,wastes,by,hubzone,beet,an,bell,that,as,as,limes
23,state,not,teacher,bank,depicted,as,with,drawback,yurok,clearing,by,powerplant,with,this,be,frequencies,may,creditable,is,may
24,not,an,an,depositor,lands,with,mtcr,wines,gay,underwriter,sanctuary,btu,as,secretary,refugee,carrier,with,remarriage,with,an
25,which,with,proficient,may,northerly,is,afghanistan,trade,boxer,as,pollutants,fluorescent,subcontract,producer,is,satellite,servicemembers,intelligence,an,senators
26,medicare,purposes,any,not,for,may,as,subheading,under,with,atsdr,with,an,corn,any,any,on,title,handlers,with
27,title,subsection,childhood,an,be,dwelling,nato,section,as,is,spill,that,not,be,states,for,headstone,employee,handler,dentist
28,subsection,includible,educational,which,map,not,on,by,penobscot,securities,with,highway,contract,crops,united,digital,which,grievant,that,which
29,may,if,agency,insured,grazing,affordable,hungary,is,klamath,that,nonpoint,urbanized,small,such,refugees,by,subsection,spouse,may,humanities
30,drug,amount,title,banking,secretary,homebuyers,is,hong,section,section,administrator,monoxide,on,farm,nonimmigrants,this,not,grievance,agency,not
31,nih,nonforfeitable,is,institution,easterly,paint,democracy,kong,lands,rollup,which,guideway,may,under,by,musical,title,which,secretary,on
32,on,paragraph,iep,federal,wild,which,israel,nonoriginating,that,person,navigable,mmbtu,agency,by,immigration,analog,an,on,which,arctic
33,services,dividend,education,other,such,title,poland,that,tribes,under,tank,secretary,subcontracting,wetland,naturalization,phonorecords,pension,with,on,that
34,physician,on,toddlers,board,as,homeowner,may,countervailing,hoopa,an,is,lbs,subsection,hundredweight,as,inmarsat,other,may,not,whip
35,clinical,corporation,pupil,on,east,other,saharan,cafta,mohegan,not,state,state,microloan,grazing,consular,broadcast,department,that,subsection,studio
36,pediatric,income,pell,corporation,lakeshore,foreclosure,other,imported,with,derivatives,as,as,administration,bushel,that,unenhanced,dependency,not,information,title
37,health,distributee,not,credit,this,an,which,as,miccosukee,penny,not,fueled,which,rice,title,station,homeless,capitol,archivist,other
38,vaccine,disc,on,nonbank,northeast,assistance,castro,states,forest,which,that,incandescent,title,any,not,that,care,subsection,other,dea
39,nursing,remic,may,declarant,by,on,not,united,coquille,may,pollution,petroleum,program,staple,cruelty,be,beds,widower,taxable,nurse
40,other,ii,schools,title,south,congregate,americas,on,sioux,other,dredged,not,subfactors,as,with,megahertz,service,consular,person,secretary
41,paragraph,term,preschool,state,canyon,homebuyer,assistance,knit,allottee,on,subsection,is,other,allotment,general,video,burial,member,states,at
42,individual,property,mathematics,subsection,any,moderate,malaria,yarns,pueblo,company,discharges,which,federal,peanut,garnishee,section,traumatic,retired,frus,subsection
43,adulterated,respect,which,financial,with,multifamily,country,with,is,security,may,pm,subprogram,producers,deportation,nondramatic,if,spousal,united,office
44,year,shareholder,elementary,condominium,mountain,subsection,africa,article,bands,issuers,underground,stationary,defense,acre,stowaway,royalty,vietnam,participant,watermelon,employee
45,pace,other,program,if,southerly,public,president,beer,gaming,title,on,pollutants,pcl,that,attestation,commission,marker,annulment,historian,pay
46,wtc,annuity,other,tarp,section,elderly,tied,which,seneca,manipulative,pretreatment,may,administrator,section,attorney,librarian,from,if,thermal,senate
47,misbranded,from,parents,regulator,southwest,homeless,title,brewer,houlton,trading,title,on,paragraph,feed,longshore,under,indemnity,from,return,folklife
48,if,subparagraph,programs,paragraph,national,bedrooms,cfe,cellar,on,cotton,an,an,than,oilseed,may,with,who,panama,dts,arts
49,inpatient,case,literacy,agency,westerly,tenant,an,customs,shoshone,adviser,oil,administrator,debenture,grains,trafficking,signals,services,who,plantships,states
50,investigational,described,year,card,downstream,dwellings,exports,exporter,ute,if,sewage,subsection,if,quotas,nationality,is,insurance,married,geospatial,from
51,dietary,that,local,than,northwest,families,secretary,fabrics,legatees,subsection,other,freezers,debriefing,beets,who,interlata,persian,remarries,title,semimonthly
52,ii,treated,subsection,cardholder,trails,mortgaged,tuberculosis,denatured,chippewa,registered,rechargeable,engines,secretary,cyclical,habeas,recordings,cemeteries,other,year,capitol
53,pdp,than,pbo,company,interior,project,weapons,importer,interior,censure,onshore,emit,each,poundage,on,as,rehabilitative,former,paragraph,fbi
54,are,secretary,part,association,southeast,agency,government,fabric,may,rules,sanctuaries,title,subcontractor,oilseeds,deportability,transmitter,prosthetics,retires,national,dentists
55,registrant,may,are,from,timber,affordability,egypt,may,catawba,dealers,recycling,nonroad,are,on,naturalized,not,surviving,paragraph,importers,united
56,labeling,dividends,borrower,banks,meridian,bedroom,peacekeeping,not,maliseet,unlisted,discarded,smelter,prime,flue,immigrants,radiotelegraph,prosthetic,individual,required,year
57,ingredient,nonqualified,campus,creditor,mount,insured,international,imports,civilized,registration,chesapeake,oxides,subcontracts,erodible,battered,broadcasting,insured,recomputed,if,house
58,amount,deduction,institution,naic,mile,neighborhood,currencies,cbtpa,title,from,estuary,coal,term,is,which,operator,amount,retiring,covert,each
59,hiv,carryback,ntid,originator,may,debentures,development,brewery,an,indentures,tanks,energy,financings,not,resettlement,spectrum,at,election,adjudicative,service
60,countermeasure,determined,each,person,smith,amount,subsection,an,osage,prospectus,from,engine,services,sorghum,other,channel,person,controller,director,arms
61,patient,qualified,cohort,mortgagor,on,are,foreign,dr,not,customer,beaches,beryllium,licensee,commodities,subsection,interconnection,premiums,after,from,than
62,premarket,amortizable,funds,its,unsurveyed,decent,bank,harmonized,enrollee,counterparty,prince,gvwr,from,with,has,retransmitted,spouse,at,nga,agency
63,than,period,postsecondary,receiver,northwesterly,provided,democratic,juice,tribal,paragraph,sediments,sulfur,undefinitized,pound,debtor,may,paragraph,secretary,taxpayer,parliamentarian
64,respect,are,students,unsound,wildlife,property,nuclear,title,maine,order,contaminated,nox,states,soil,subch,radio,health,states,convener,udall
65,outpatient,means,academic,unimpaired,gorge,than,cyprus,distiller,retrocession,than,landfills,ansi,solicitation,allotments,korea,cassette,child,retiree,each,committee
66,fiscal,apply,eligible,conservatorship,mountains,income,guaranties,subheadings,allottees,its,ozone,other,ii,dairy,born,which,loan,survived,respect,are
67,from,unfunded,from,servicer,oregon,mortgagees,are,valorem,yakima,fff,states,heaters,procurement,may,if,carriage,unmistakable,widow,individual,physician
68,dialysis,issuer,scientifically,ii,mineral,tenants,multilateral,dumping,other,straddle,dam,hcfc,amount,livestock,biometric,other,honorable,united,po,rate
69,alzheimer,date,children,amount,hunting,supportive,atlantic,if,cheyenne,investment,secretary,cooled,socially,grain,state,on,birthday,chapter,tin,chapter
70,subparagraph,passive,including,at,lowell,if,microfinance,apparel,rolls,looking,waste,oven,bundling,biobased,paroled,sensing,bifida,subchapter,nro,if
71,program,reit,subchapter,has,everglades,frail,from,bonded,which,trader,organotin,dioxide,premier,which,you,an,spina,pay,floral,taxable
72,each,thru,paragraph,troubled,is,cranston,latin,other,peck,registrant,landfill,additive,made,year,writ,copyrighted,clinical,reemployed,are,caucus
73,hospital,msa,fiscal,farm,big,gonzalez,african,exportation,heirs,has,after,than,contractor,honey,person,licensee,housebound,nonforfeitable,ceo,who
74,described,election,than,are,battle,from,authorized,distilling,assiniboine,public,estuarine,particulate,united,marketings,inadmissibility,relay,arlington,architect,made,productions
75,made,tax,services,term,that,troubled,democratically,subsection,confederated,act,toxicity,after,intermediary,hay,deported,service,buried,fund,adversary,archivist
76,ww,stock,described,depositors,glacier,occupancy,disarmament,unladen,oklahoma,appropriate,william,coke,acquisition,an,persecution,subsection,made,date,term,superintendent
77,has,after,assistance,states,springs,term,countries,atpdea,trespass,untrue,tankers,buses,department,farms,secretary,author,year,office,chapter,paragraph
78,contaminant,at,activities,repudiation,lake,state,confiscated,annex,menominee,depositor,brownfield,gasoline,simplified,acres,paragraph,nonsubscription,aggravated,divorce,federal,representatives
79,care,employer,amount,consumer,acres,made,orphans,gatt,wampanoag,it,shorelines,carbon,pursuant,other,at,caller,dental,railroad,at,amount
80,drinking,provided,start,insurance,forests,paragraph,illicit,binational,reservation,rule,person,federal,debentures,barley,outlying,stations,epilepsy,amount,imagery,members
81,after,individual,learning,liquidating,area,at,export,from,youth,interest,paragraph,faucets,government,commodity,mar,archives,are,period,than,government
82,subchapter,account,child,subsidiary,curiosities,insurance,afghan,china,states,bylaw,crude,conditioners,head,subsection,koreans,audiovisual,than,agency,purposes,member
83,nurse,interest,out,loan,segment,development,made,exported,band,are,toxic,byway,unallowable,processor,child,franchise,domiciliary,foreign,returns,scholarship
84,prescription,straddle,ii,currency,southeasterly,nonentitlement,including,secretary,tribally,chapter,lake,from,survivability,conservation,allegiance,payphone,outpatient,retirement,who,federal
85,aging,made,at,respect,spoliation,program,concessional,tariff,cherokee,respect,superfund,apportionments,concern,cane,ii,pole,beneficiary,corps,segregable,franking
86,information,person,toddler,united,enjoyment,pursuant,provided,africa,school,pursuant,cercla,year,provided,easement,preinspection,noncommercial,medical,made,fincen,department
87,who,actuary,provide,each,title,provide,fund,proprietor,united,margin,batteries,if,has,seed,from,ip,period,years,matsunaga,librarian
88,plan,percent,reading,all,under,refinancing,year,agreement,dockets,holders,intermunicipal,paragraph,concerns,oats,terrorist,services,states,botanic,smokeless,postage
89,drugs,beneficiary,subpart,recredit,which,trustor,defense,proclaim,guayule,obligor,vessel,transportation,debriefed,title,judiciary,retransmit,disease,before,has,interama
90,hospice,employee,federal,receivership,within,available,humanitarian,chile,state,information,contaminant,highways,bundled,cooperator,citizenship,interactive,chapter,annuities,retailer,museum
91,medicaid,during,subgrant,nonmember,west,family,imf,country,shawnee,exchange,federal,clean,year,harvest,described,title,herbicide,dies,provided,precedents
92,practitioner,all,youths,after,upstream,act,available,textile,are,regulator,than,reformulated,development,flour,ch,antenna,each,career,referendum,congress
93,including,title,homeless,appropriate,from,rehabilitation,chapter,exporters,paiute,deceit,operator,closets,executive,marketing,crewmen,responder,mentally,provided,described,term
94,cancer,archer,if,shareholders,inspiration,year,proliferation,phytosanitary,provided,business,tanker,incineration,lethality,corporation,marriage,public,anatomical,than,records,bequeathed
95,additive,propane,who,fslic,dunes,incomes,korea,unlading,drybed,agency,constituents,reflector,protege,marketed,visitor,converter,united,state,committee,cochairperson
96,provided,states,schoolwide,mortgage,crest,has,article,ethnological,domingo,bliley,facility,refrigerant,information,exports,nationals,unserved,has,director,ii,general
97,disease,within,gifted,laundering,jazz,subchapter,missile,haiti,santo,gramm,including,metropolitan,cost,handlers,marshal,aggregator,disability,unrefunded,consensus,provided
98,provide,trade,agencies,consummation,land,including,each,warehouse,partitioned,board,if,asme,at,program,than,headend,memorial,voids,regulations,leader
99,pd,united,civics,teller,memorial,local,out,reliquidation,funds,regulations,leachate,corridor,including,parity,homeland,are,case,time,pr,commission
100,renal,regulations,corps,provided,feet,federal,hungarian,subsidy,aboriginal,after,impoundment,intermodal,metric,bales,court,recorder,brain,recall,facilitator,president
101,at,carryforward,dropout,swap,recreation,condominium,narcotics,paragraph,oregon,contract,action,nonregulated,required,if,vawa,from,provided,separates,terrorist,person
102,antimicrobial,carryover,grant,savings,parkway,after,neotropical,mash,federal,prudential,each,driving,microloans,noninsured,intelligence,audio,ears,marriage,flagship,services
103,period,pension,made,indemnifying,tenths,loan,replenishment,fruit,tulalip,introducing,shellfish,showerheads,loan,handler,unmarried,embodying,remarriage,withholdings,order,public
104,individuals,bargained,teaching,capitalized,not,ii,tropical,are,yaqui,jjj,offshore,voc,pricing,durum,admission,dialing,insane,impasse,security,intern
105,term,deductible,will,information,northeasterly,each,indigenous,proclaimed,partition,at,battery,each,after,cropping,depart,distant,mortality,ii,pursuant,authorized
106,child,before,service,act,diablo,very,services,malt,reindeer,ii,at,lanes,assistance,middling,slave,if,benefits,unmarried,amount,expenses
107,medically,benefit,outlying,reserve,other,all,than,importation,puyallup,municipal,united,pollution,bearings,harvested,pen,retransmissions,after,has,department,period
108,animal,part,tech,have,fort,hud,commodities,entries,from,conditionally,depleting,are,requirements,silage,unhcr,infringement,term,benefits,employee,employees
109,opd,has,information,borrower,state,interest,friendly,containers,all,brokers,liner,visibility,order,cured,passport,radiotelephone,refinanced,year,means,endowment
110,part,business,guaranty,cooperatives,lying,states,act,smokeless,land,disgorgement,port,at,divisible,sunflower,daughter,wireless,naval,entitlement,foreign,chaplain
111,payment,defined,gallaudet,law,trapping,eligible,funds,producer,promoter,upon,contamination,fuels,let,planting,son,paragraph,date,employees,reconnaissance,purposes
112,service,decedent,teach,affiliate,states,respect,programs,vinegar,pursuant,state,guarantor,wattage,workplace,than,reentry,syndicated,interment,redetermined,informant,out
113,meat,nonrecognition,loan,date,north,urban,trafficking,amateur,unallotted,donee,water,motor,contracts,cooperators,was,states,era,surviving,trafficker,executive
114,carcasses,discount,baccalaureate,soundness,kings,youths,yukon,yarn,pascua,floor,chapter,plan,case,agricultural,honorable,featured,during,are,convention,student
115,case,foreign,prep,subject,townships,chapter,caribbean,nontariff,subsection,purposes,lakes,diesel,all,from,after,recorders,purposes,child,after,time
116,diseases,actuarial,lender,system,california,services,fiscal,president,creek,subject,ecosystems,labeling,milestone,made,unaccompanied,phonograms,patient,except,conveners,respect
117,purposes,each,term,required,seconds,hawaiian,munitions,fermentation,sisseton,thereof,dumped,fired,lenders,soybeans,provided,embodied,parking,respect,written,fiscal
118,states,years,has,property,birds,amounts,at,uruguay,wahpeton,leach,are,motors,means,beans,order,than,time,peace,law,paid
119,biologicals,gross,vista,more,public,mortgagors,multinational,after,latex,antifraud,leaking,program,company,raw,spouse,mobile,spinal,subject,except,board
120,physicians,into,subgrants,purposes,refuge,upon,psychotropic,than,absentee,provisions,epa,states,logistics,referendum,are,licensees,servicemen,act,secretariat,artistic
121,public,rollover,disabilities,period,archeological,rentals,forests,respect,lawsuit,have,marine,trucks,subsystem,wetlands,status,translator,rated,entitled,spark,nurses
122,annuity,preretirement,career,subparagraph,beach,have,pharmaceuticals,baggage,probate,inducing,chemical,public,dispensation,chickpeas,application,ship,facility,garden,case,all
123,enrollee,paid,deaf,union,yellowstone,low,purposes,commission,act,states,program,altitude,provide,determined,resettled,united,member,actuarial,archives,architect
124,enrollees,more,curricula,chapter,united,homeowners,congress,african,fort,trade,sediment,including,subparagraph,are,act,pictorial,readjustment,case,president,editions
125,widower,transferor,provided,secretary,intersection,purposes,missiles,at,trust,who,stormwater,requirements,data,farmland,been,berne,entitlement,firefighter,time,appointed
126,diabetes,except,magnet,means,mining,authorized,state,cigarettes,severalty,necessary,bay,nonferrous,authority,extra,nonexempt,viewing,hospital,each,subparagraph,withholdings
127,drg,shareholders,graduation,governors,desert,out,nationalization,sugar,services,court,has,project,prison,peas,period,term,disabled,system,office,made
128,federal,requirements,available,pursuant,tablets,median,zealand,softwood,health,term,incineration,area,into,states,sons,nonbroadcast,property,reemployment,public,mailings
129,elder,who,national,made,smoky,provisions,tijuana,dutiable,enrollees,required,spoil,furnaces,reprisal,lentils,servitude,after,ashes,retainer,general,banded
130,dosage,trust,early,time,are,youth,agency,has,grazing,commanded,shoreline,congestion,breakout,drought,information,person,cremated,was,deletions,stennis
131,patients,unrealized,infants,including,rivers,slum,pursuant,seized,florida,made,year,showerhead,respect,abnormal,battery,superstation,payee,volunteer,including,handlers
132,disorders,was,nanotechnology,notice,redwood,demolition,paragraph,ii,pequot,securitizer,mercury,use,disadvantaged,organically,detainees,its,was,rail,appropriate,position
133,syndrome,basis,chapter,member,federal,unit,bulgaria,gallon,rubber,hybrid,seaward,montreal,use,state,totalitarian,state,payment,actuarially,within,individual
134,application,benefits,all,holding,donelson,youthbuild,swaps,authority,capita,provided,recyclable,belt,leverage,at,visitation,regulations,markers,purposes,shareholder,state
135,infant,extent,hawaiian,upon,boundaries,appropriate,subchapter,person,kickapoo,united,interceptors,axle,general,nonfat,port,telephones,including,during,make,including
136,divorced,survivor,states,unions,boundary,necessary,instruct,fta,uintah,transaction,pursuant,air,fiscal,subcenter,have,permittee,deafness,survivors,plume,director
137,benefits,taa,diploma,issuer,yosemite,period,arms,cask,mediator,means,antifouling,nitrogen,available,payments,year,television,hospitalized,government,government,after
138,adolescents,clause,percent,embezzled,purposes,except,abduction,worker,heir,statement,generator,rail,surety,nonrecourse,detention,localism,all,abroad,all,officer
139,adolescent,fsc,aged,action,zion,occupants,appropriate,exports,subchapter,all,valdez,term,procedures,forgo,resided,recording,described,board,arbitrator,postgraduate
140,agency,carryovers,public,regulations,ridge,rehabilitated,term,into,personalty,association,agency,ocs,facnet,exporters,law,encryption,life,payment,request,parliamentary
141,dementias,loss,mentoring,subsidiaries,visitor,united,nbc,determination,service,debtor,cement,chapter,property,paragraph,date,apparatus,philippine,interns,board,one
142,person,without,languages,deposit,stem,means,ambassador,grape,potawatomi,action,public,ballasts,state,each,subparagraph,exclusivity,dishonorable,ambassador,subject,appointee
143,have,only,higher,director,rainier,units,if,wort,authorized,manipulation,ecosystem,ii,bid,provided,security,copyrights,symptoms,imagery,preparer,necessary
144,use,roth,enrollment,no,baca,activities,nationalized,vessel,irrigation,member,scow,resurfacing,more,wildlife,time,electromagnetic,sclerosis,all,tax,smithsonian
145,biomedical,credit,learners,multifamily,cave,evicted,polish,provided,montana,proxy,treatment,volatile,award,rancher,admissibility,captioning,paid,part,importer,holdings
146,tobacco,preceding,migrant,except,sequoia,more,poor,foreign,within,eee,wildlife,gas,chapter,bushels,case,sounds,home,canal,report,prosecutorial
147,appropriate,allocable,institutions,business,primitive,downpayment,russia,mark,at,persons,appropriate,refrigerator,appropriate,production,commanding,system,have,age,necessary,regulations
148,coinsurance,its,parental,merger,rocky,metropolitan,grande,subsidies,reservations,copyright,beach,vapor,awardee,proclaim,circus,provided,traceable,notarial,keller,his
149,pharmacy,time,talented,order,tract,conservator,rumania,subject,ancestry,government,contaminants,pedestrian,report,price,athlete,alarm,one,been,program,trademark
150,clinic,no,use,interest,said,requirements,treaty,tariffs,including,amount,requirements,emitted,telecommuting,united,victims,navigated,gulf,paid,understatement,except
151,assistance,iii,principals,described,property,will,its,column,after,regulatory,terminal,ballast,its,sharecroppers,departed,carriers,been,payable,state,envelopes
152,paternity,substituting,consortium,overdraft,rattlesnake,general,leninist,duty,timber,barring,groundwater,urinals,include,payment,cuban,transmitters,casket,subparagraph,have,case
153,out,undistributed,instructional,fund,nonsuitability,borrower,marxist,term,testator,regulation,permit,bus,bidder,yields,years,wire,totally,his,foia,debates
154,ff,grantor,appropriate,cashier,nez,fiscal,committee,beneficiary,peoria,more,leak,has,barrel,counter,daughters,use,vocational,term,initials,tempore
155,implant,value,development,reinvestigation,perce,neighborhoods,respect,date,docket,underwriters,spills,subcategory,act,processors,consignee,has,individual,regulations,undersecretary,within
156,diagnosis,empowerment,violence,correspondent,motorized,determined,observers,distortions,than,plaintiff,drinking,available,sealed,amount,entrepreneur,means,escheat,have,provisions,law
157,arthritis,disallowed,proficiency,clearing,use,government,caucasus,port,umpqua,each,out,combustion,authorized,safflower,foreign,bands,appropriate,marries,wind,culture
158,therapy,prefunding,application,it,vicksburg,refinanced,nationals,quota,fae,time,act,burning,system,land,humanitarian,activated,cord,annuitants,court,national
159,marrow,gain,summer,appraiser,fish,time,has,protest,if,quotation,within,transit,described,biomass,within,interexchange,state,percent,provide,deaf
160,mental,meaning,coursework,redomesticating,junction,accordance,untied,administering,members,financial,chemicals,ridership,it,established,detained,launch,compensation,deceased,act,chairperson
161,mammography,forfeitable,through,lending,topographic,use,agreement,means,arapaho,processor,into,pumps,established,biofuels,habitual,presubscribed,rehabilitation,means,matches,subchapter
162,poultry,service,after,notes,natchez,persons,armaments,classifiable,hoh,no,information,thermal,law,available,prostitution,at,grave,law,authorized,botanic
163,ehr,premiums,educators,national,wonderful,make,report,made,keweenaw,federal,oceans,distillate,mentor,nonbasic,trafficked,wireline,funeral,would,requester,artists
164,basket,ira,tribally,stock,southwesterly,unassisted,narcotic,all,each,merchant,toxicological,powerplants,regulations,tillable,aggravated,sculptural,provide,described,corporation,afro
165,cosmetic,distribution,fafsa,host,authorized,contract,sustainable,lumber,parcel,within,organisms,clothes,protest,triticale,each,videotape,counseling,otherwise,plan,eci
166,pursuant,would,asbestos,institutions,klamath,builder,european,registrant,have,except,cook,redesignation,extramural,moisture,iii,chapter,ii,diplomacy,fastener,have
167,been,but,classroom,consummated,unpatented,date,activities,information,parthenium,market,champlain,apportioned,threshold,pounds,trap,amateur,father,nonappropriated,nonallocable,administration
168,abbreviated,organization,subparagraph,drafts,corridor,approved,all,consignee,who,respondent,president,hov,costs,sesame,lockout,comsat,survivor,employment,during,stationery
169,requirements,beginning,hispanic,capital,reservoir,rents,rio,recordkeeper,undivided,organization,substances,silicosis,have,farming,victim,authors,fiscal,salary,fasteners,basic
170,iii,insurance,grants,originators,all,assisted,microenterprise,liquors,river,deceptive,fiscal,date,women,acreages,detain,multicast,copayment,accordance,action,personnel
171,eligible,regard,lenders,transaction,road,area,salmon,tobacco,born,associated,inlet,faucet,period,growers,nurses,within,reopened,lump,undisclosable,compensation
172,etiologic,notional,statewide,obligor,dam,exceed,expropriated,nonmarket,young,investor,remining,tip,purposes,reapportioned,incited,billing,program,position,out,more
173,dsh,excludable,have,case,landmark,farmworkers,quota,dominican,agreement,based,kilograms,applicable,contractors,proclaimed,country,gps,respect,sergeant,statement,appropriate
174,osteopathic,deferrals,carry,account,idaho,recaptured,use,hovering,tramway,commodity,term,out,officer,habitat,respect,federal,deceased,redeposit,date,gallery
175,hospitals,amounts,more,nonaccrual,monuments,nondwelling,persecution,purposes,contract,banking,regulations,trails,interest,barter,entertainer,ii,upon,within,accountings,subject
176,medical,excess,kindergarten,prudential,tributaries,corporation,trade,denaturation,martinez,desist,scows,standards,debrief,chapter,parole,pursuant,information,department,otherwise,means
177,chapter,required,authorized,report,gunnison,homelessness,refugee,coffee,torres,been,case,ferry,necessary,bcap,chapter,transmission,subchapter,credit,notice,official
178,determined,elective,graduates,disaffirmance,cape,appreciated,support,seizure,seminole,overreaching,all,part,research,flaxseed,including,broadband,duty,provisions,phone,fund
179,all,company,act,racing,game,part,unaids,described,devisees,transactions,generators,refiner,weights,erosion,passports,actionable,incompetent,handicapping,neutral,japan
180,grant,distributable,encore,assets,conservation,per,terrorism,consumption,lineal,date,dumps,means,person,cigarette,korean,wipo,aggravation,csrs,helen,importers
181,will,church,requirements,acceptances,orleans,serviceman,freedoms,solids,made,including,nancy,transformer,iii,grassland,surveillance,tower,uninsurable,members,available,program
182,biosimilar,taken,consortia,within,azimuth,funds,tolerated,flavor,modoc,foreign,authorized,within,intermediaries,cheese,service,orbital,warrantor,order,disclosure,date
183,discharges,reacquisition,undergraduate,same,entryman,law,provide,distillation,interest,notice,nontank,fiscal,lending,rye,made,information,widower,denali,deletion,lime
184,issuer,applicable,hawaiians,subchapter,corinth,extent,regime,yacht,decedent,otherwise,injection,vehicle,discussions,farmer,acquiesced,nonsimultaneous,helpless,unfunded,upon,provisions
185,programs,contract,means,reservable,montana,who,organization,trademark,bannock,misleading,transporter,intercity,date,cigarettes,peonage,programmers,dwelling,determined,more,workshop
186,noncustodial,have,scholar,wager,summit,plan,have,importantly,provisions,application,ii,voltage,out,entrant,moral,callers,therapeutic,courier,extent,reporters
187,through,participant,migratory,nonfinancial,management,case,inaugural,trimmings,papago,whistleblower,liners,packaged,startups,agriculture,detainee,made,necessary,diplomatic,community,speaker
188,applicator,nondeductible,fellowships,betting,an,provision,greece,equipments,law,you,recycled,instantaneous,awardees,contract,fingerprinted,lp,preventive,month,relating,requisition
189,means,day,used,year,usgs,livability,commission,action,subject,subparagraph,mercuric,agency,subject,through,arrival,all,rate,bars,services,professors
190,subject,profits,pursuant,authority,volcanic,subject,gorgas,republic,blood,syndicate,means,multimodal,biowarfare,out,slavery,captions,active,including,organization,unbound
191,egg,depreciable,faculty,directors,willamette,payments,infected,within,boxers,protection,radioactive,precipitation,time,abnormally,departure,reproduced,died,personnel,no,frank
192,musculoskeletal,stripped,instruction,court,michigan,owner,australia,appraisement,descendants,traded,plan,appliance,make,wool,alienage,permittees,lot,day,officer,directory
193,available,earnings,challenging,broker,ouachita,within,into,law,intestate,shareholders,endangerment,rationing,allowability,years,dictatorship,interception,out,uncertain,deaf,upon
194,entity,investment,individuals,repurchase,typographical,include,poorest,ad,child,sale,exxon,boilers,pclp,sugars,torture,loudspeakers,regulations,president,activities,available
195,surgeon,denominator,time,been,exactly,percent,reinsurance,olympic,nebraska,provision,unexploded,emitting,procurements,forest,federal,unaffiliated,insurable,interest,requirements,described
196,institutes,used,accordance,debit,at,eviction,ii,itds,extinguishment,issued,dump,funds,cosponsor,ii,no,each,death,federal,apply,authority
197,month,allowed,include,comptroller,arizona,no,esaf,flavors,alcohol,ooo,ton,conditioner,funds,cattle,overthrow,have,geriatrics,executive,tobacco,funds
198,mentally,portion,period,redomesticated,sections,home,national,period,program,authority,gulf,attainment,performance,during,government,affiliate,prisoner,recalled,interest,has
199,time,state,accrediting,office,chattanooga,its,freedom,provisions,utah,violation,no,bicycle,asides,forestry,legitimation,nielsen,canteens,birthday,period,its
200,mm,group,training,payment,along,fund,law,bottling,schools,promoter,management,required,will,landowner,upon,requirements,eye,based,council,established
201,payee,it,bilingual,foreign,prehistoric,redevelopment,subscription,winemaker,reassumption,described,health,conservation,contracting,watershed,arriving,local,eyes,pursuant,summons,subaccount
202,established,nonpurpose,years,shareholder,acreage,director,antiretroviral,subparagraph,encumbrance,national,purposes,standard,extent,loan,traffickers,work,law,appropriate,before,recruits
203,professions,ratable,dropouts,pirate,crossing,based,corruption,appropriate,devisee,unconditionally,cadmium,electric,management,per,subject,intralata,marriage,technician,only,counsel
204,act,policyholder,individualized,backed,shenandoah,approvable,reconstruction,representative,coushatta,cleared,respect,purposes,bids,consumption,sequestered,authority,except,separation,its,career
205,required,numerator,tutoring,provide,nnn,person,mexican,been,ouray,class,areawide,drawdown,upon,thursday,clause,blocking,actuarially,computed,proliferation,during
206,clause,contributions,iii,indorsement,archaeological,tenancy,relations,year,paskenta,tenders,petroleum,acid,solicitations,molasses,lookout,prefix,sequestration,officer,coastal,northwest
207,surgical,including,purposes,evasions,bathhouse,determines,diplomatic,textiles,spokane,customers,costs,cfc,task,conserving,term,universal,no,senatorial,nonqualified,assistants
208,united,rita,plan,requirements,lassen,otherwise,pluralism,downstream,term,cautionary,acid,halide,roller,dry,refusals,subject,decoration,disability,review,exceed
209,capitation,payee,research,administration,acre,less,subscribe,time,purposes,author,environmental,unfired,owned,tubes,exit,superstations,inactive,liberalized,bis,ancillaries
210,during,hedging,adults,discount,cumberland,blighted,refugees,including,salton,unless,apex,emits,programs,person,arrives,telegraph,authorized,conferral,defense,frankable
211,security,received,determined,customer,horses,appraised,vigorously,laden,year,backed,impoundments,gpm,through,conservationist,except,privatization,parkinson,compounded,use,mailable
212,telehealth,chapter,community,issued,subsection,national,part,upon,balloting,period,pipeline,all,within,operator,admitted,purposes,guaranty,enrollment,determination,morris
213,residue,retiree,required,make,paleontological,jurisdiction,asia,layover,connecticut,banker,date,national,evenly,pastureland,pursuant,artist,eligible,recomputation,clearances,devised
214,date,sale,english,before,provided,established,radiological,chapter,means,trustee,propagation,lvw,one,sun,entertainers,communications,readjusting,provide,employees,payment
215,organization,csec,based,liquidity,its,into,through,casks,individual,interstate,trans,respect,lender,into,tourism,it,national,appointive,ocean,information
216,reregistration,prescribed,epscor,who,natchitoches,grant,russian,redistillation,upon,subchapter,necessary,mwe,office,grower,undocumented,vendor,report,contributions,neutrals,health
217,prostate,katrina,rr,provisions,act,sale,treasury,woven,wagon,acceptances,waters,crude,phase,organic,abandoning,multipoint,provisions,court,accordance,it
218,social,act,science,provision,stone,revitalization,unsafeguarded,case,arizona,edgar,dredgings,operator,price,term,residence,nonfeatured,hodgkin,surgeons,peace,goldwater
219,make,spouse,except,general,troops,subparagraph,embargo,preclearance,california,signified,subject,united,associate,county,purposes,alerts,more,acquittance,proceeding,positions
220,variance,distributive,loans,mortgagee,habitat,programs,corporation,each,mashantucket,make,disposal,accidental,commercial,trees,fiscal,distributor,before,consul,donee,use
221,households,assets,infant,developer,landowner,used,communist,shape,educator,mails,required,regulations,borrower,eligible,officer,no,plot,person,reportable,reelected
222,disorder,unamortized,necessary,uninsured,sand,entity,means,regulations,heirship,year,wastewater,volts,determines,catastrophic,petitioning,colorstripe,theater,phased,authority,there
223,years,include,number,futures,landowners,regulations,coproduction,more,muskogee,middling,sand,ies,technical,mohair,all,answering,disorder,involuntarily,tasking,rates
224,necessary,wilma,financial,necessary,wyoming,principal,amount,bottler,swinomish,report,use,urinal,homeowner,reinsurance,it,authorship,vet,debarment,service,grievance
225,formulary,does,families,stockholders,santa,prepay,torture,paralympic,diabetes,quotations,overflows,compounds,redeterminable,butter,violence,calls,born,nongroup,analytic,library
226,pesticides,payment,vv,collector,peak,investor,after,its,programs,subsidiary,available,heat,years,use,before,required,respite,equal,prescribe,noncompensated
227,medicine,spin,preservice,otherwise,colorado,during,infections,have,provide,ratings,raft,person,except,bioenergy,unity,obscene,pursuant,enroll,arbitral,accordance
228,facility,contribution,make,moderate,subchapter,cost,asian,order,gambling,was,have,crossings,agencies,case,provide,respect,canteen,whereabouts,terrorism,avenue
229,enrollment,net,rigorous,days,avenue,action,explosive,it,crafts,days,dams,information,capital,determines,replevied,provisions,interest,precepts,languages,anesthetists
230,alcoholism,bond,their,directorship,adams,required,program,required,coos,counseled,overburden,pursuant,exceed,carryover,apply,license,manifest,without,been,holocaust
231,kidney,fasit,purpose,apply,badlands,payment,reforms,investigation,pima,your,subchapter,halon,salvage,provide,interview,unbundled,matures,investigator,tips,ii
232,youth,nonresident,stem,dividends,funerary,terms,articles,israel,bureau,contravention,dispersants,cooling,percent,all,appropriate,secretary,mental,so,dialkyl,incumbent
233,into,employers,aligned,rediscount,norte,substandard,economic,no,defile,dissipation,response,made,national,diverted,charterer,entity,geriatric,emotionally,traffickers,noncareer
234,xix,equal,parenting,extent,gettysburg,colonias,used,service,ostensible,analyst,provided,solid,private,credit,feb,prizes,means,biweekly,transnational,republican
235,vaccines,reason,entity,bets,marsh,slums,organizations,taxpaid,no,property,runoff,steam,spare,herd,extreme,including,act,upon,includible,provide
236,administrator,underpayment,young,funds,san,counseling,described,exporting,paragraph,certificate,facilities,heating,aeronautics,act,during,prerecorded,determined,health,system,vouchers
237,therapeutic,there,support,accordance,degrees,been,cambodia,production,has,bank,provide,pedestrians,peacekeeping,nonindustrial,felonies,contour,training,covert,middleman,pursuant
238,more,first,receive,regulation,utah,community,necessary,act,out,summarily,river,manufacturer,governmentwide,period,posthumous,minors,cancer,magistrate,peacemaking,neighborhood
239,widow,applies,respect,regulators,capturing,occupied,adherent,interlinings,dakota,issuable,made,repowering,been,forage,means,customer,colocation,stepchild,record,garden
240,contaminants,been,credential,district,arapaho,only,pandemic,preferential,descend,vellum,used,parking,loans,export,program,message,physician,alaska,was,years
241,trauma,partnership,educationally,loans,tributary,loans,private,committee,into,prescribe,spilling,weatherization,technology,including,authorized,compulsory,downpayment,applicable,reprogramming,no
242,accordance,lifo,adult,branches,prospecting,sanitary,taliban,crop,south,so,offsite,provide,rentals,assistance,into,more,within,services,impinge,but
243,no,issue,stipend,authorized,bay,rental,mdb,export,meridian,exercisable,cleanup,motorized,provisions,purposes,nonproductive,except,facilities,civilian,spouse,independent
244,percent,electing,individual,terms,teton,demolished,appropriated,import,organization,accordance,appertaining,appropriate,agreement,ginned,haitian,viewers,refinance,easement,narcotics,act
245,within,imposed,into,iii,approximately,years,reprogramming,bottle,suicide,narrow,will,grams,issued,storable,wedlock,webcaster,radiation,basic,business,therapists
246,dentistry,hurricane,textbook,applicable,carolina,tribally,people,lading,fetal,one,years,retrofit,multiyear,importer,number,provide,available,same,include,order
247,manufacturer,overburden,secondary,one,siege,applicable,department,coverings,forester,omit,order,years,items,multiplying,required,order,incendiary,basis,fresh,internship
248,except,zero,allotment,insurer,exterior,costs,river,sewn,disclaimed,dividend,substance,consumption,basis,after,vessel,available,application,first,head,memorial
249,payments,valuables,fellowship,you,crater,purpose,bilateral,distorting,rancheria,requirements,mg,closet,hedge,respect,mutilated,repositioning,disabling,authorized,neighborhood,curb
