,2018-01-01_0,2017-01-01_8,2000-01-01_0,2018-01-01_2,2018-01-01_4,2018-01-01_34,2018-01-01_18,2012-01-01_2,2016-01-01_8,2010-01-01_0,2018-01-01_24,2018-01-01_10,2017-01-01_22,2015-01-01_15,2016-01-01_29,1997-01-01_9,1996-01-01_5,1996-01-01_19,2011-01-01_21,2000-01-01_16
0,der,aif,die,der,der,die,konzernabschluß,der,der,der,die,der,ausländer,der,die,die,kinderzuschuß,eur,erblasser,unterhaltshilfe
1,die,die,der,die,die,der,der,die,die,die,der,die,ausländers,die,der,der,renten,kg,der,der
2,des,der,oder,und,des,marke,die,dienstbezüge,arzneimittel,und,bodenschätze,gesamtgut,abschiebung,versicherer,städtebauliche,sorte,der,der,notar,aufbaudarlehen
3,steuergebiet,finanzholding,des,krankenkassen,lpg,und,des,soldaten,und,des,grundabtretung,vormund,die,des,und,und,bezugszeiten,die,die,die
4,und,ogaw,patentanwalt,des,ist,des,und,des,oder,igv,abfälle,des,der,aktien,flächen,des,abrundungen,steuer,notarkammer,des
5,steuer,und,und,für,dem,kartellbehörde,konzernanhang,grundgehalt,des,oder,und,mündels,asylantrag,aufsichtsrats,bebauungsplan,plangenehmigung,des,gesamtgewicht,testament,ausgleichsamt
6,oder,des,angeklagten,oder,oder,oder,oder,ruhegehaltssatz,biozid,bundestage,aufsuchung,und,asylverfahren,grundkapitals,umlegungsstelle,oder,saar,arbeitslose,erbschaft,rm
7,finanzbehörde,anleger,in,nach,und,nach,genossen,und,in,in,oder,jugendlichen,und,und,ersatzland,flugplatz,zahlbetrag,jahressteuer,notarkammern,ostschäden
8,in,oder,fahrerlaubnis,in,den,in,posten,ruhestand,arzneimitteln,gesundheitsamt,steuergebiet,kindes,oder,oder,enteignung,flugsicherung,die,steuerbefreiung,vermächtnis,schadensbetrag
9,einkommensteuer,bundesanstalt,ist,krankenkasse,in,den,in,in,nach,den,des,vormundschaft,des,aktionäre,bebauungsplans,den,grenzbeträge,nahverkehr,erbe,zonenschäden
10,für,börse,zu,den,das,ist,jahresabschluß,soldat,arzneimittels,approbation,kernanlage,oder,visums,aufsichtsrat,oder,ist,und,des,notarassessoren,endgrundbetrag
11,den,geschäftsleiter,den,entgeltpunkte,vermieter,netzbetreiber,ist,gehaltssätze,für,nach,altbatterien,jugendamt,ausreisefrist,aktionär,des,für,angepaßt,und,notars,ausgleichsfonds
12,steuerlager,sondervermögens,beschuldigten,pflegekassen,nutzer,kwk,den,oder,den,aufzug,altgeräte,gegenvormund,einreise,den,städtebaulichen,nach,unfalljahr,steuerpflicht,des,sparanlagen
13,ist,emittenten,nach,zu,zu,marktmacht,abs,berufssoldaten,stoffe,für,nach,jugendhilfe,asylverfahrens,in,umlegungsplan,straßenbaulast,umzustellende,arbeitslosen,erbteil,grundbetrag
14,nach,feederfonds,angeklagte,von,nach,für,konzernbilanz,ruhegehaltfähig,lebensmittel,das,in,mündel,visum,se,in,zu,nach,für,erbvertrag,reichsmark
15,lohnsteuer,immobilien,verteidiger,pflegekasse,gebäudeeigentum,von,nach,nach,von,zu,bodenschätzen,das,nach,ist,pflanzen,von,zusammentreffen,schadstoffarm,nachlassgericht,und
16,tabakwaren,masterfonds,von,witwerrente,nießbraucher,zu,genossenschaft,dienstherrn,ist,tierärztlichen,für,familiengericht,migration,sicherungsfonds,nach,in,belassende,oder,notarassessor,altsparanlage
17,absetzungen,in,für,beitragszeiten,nicht,das,abschlußprüfer,vorbemerkungen,zu,von,abfällen,ist,ausländern,nach,umlegungsplans,bundessortenamt,belassenden,fahrzeug,erblassers,zinszuschlag
18,steuerabzug,nach,schußwaffen,ist,auf,frequenzen,aufsichtsrats,wehrdienstzeit,das,volksbegehren,von,den,in,aktionären,landschaft,schienenwege,in,in,vorerbe,nach
19,arbeitslohn,verwahrstelle,das,dem,für,dem,zu,für,medizinprodukte,ist,steuer,in,ledigen,zu,sanierung,sortenschutzes,saarlandes,nach,ausgründenden,wohnraumhilfe
20,steuerberater,wertpapiere,nicht,versicherten,hypothek,zeitrang,für,berufssoldat,wirkstoffe,bundesgesetz,nomenklatur,nach,daueraufenthalt,aktiengesetzes,zu,umweltgutachter,rente,vertrauensfrau,oder,oder
21,dem,börsenordnung,abs,versicherte,pachtsache,auf,sind,ruhegehalt,tiere,dem,stoffe,vorbehaltsgut,ausreise,gewinnrücklagen,wild,das,saarland,behinderten,nacherben,sparerschäden
22,umsätze,institut,dem,sozialdaten,mieter,nicht,nicht,den,tieren,himmel,zu,sondergut,passersatz,für,ist,fluglärm,halbwaisen,zu,erbfalls,in
23,im,den,werden,nicht,verfasser,älterem,prinzipal,witwengeld,zubereitungen,ffa,berggesetzes,dem,ist,nicht,den,saatgut,für,rehabilitation,bedachte,den
24,kapitalerträge,von,mit,entgeltpunkten,erbbaurechts,betreiber,dem,ruhegehaltes,dem,volksentscheid,den,zu,einbürgerung,das,bauleitpläne,seelotse,saarländischen,arbeitsamt,vermacht,grundbetrags
25,wirtschaftsjahr,prospekt,gefangenen,sind,von,lizenznehmer,auf,amtszulagen,vormischungen,im,kernbrennstoffe,ehenamen,zurückschiebung,prämie,umlegung,flugplätzen,den,ist,ist,schadensgebiet
26,kaffee,publikums,einer,auf,verleger,patentamt,von,dienstbezügen,nicht,volksbegehrens,ist,rechtspfleger,abgeschoben,sonderprüfer,für,nicht,abs,von,erben,schadensbetrags
27,von,institute,antarktis,das,gläubiger,werden,das,dem,auf,werden,kerntechnische,kind,flüchtlinge,dem,von,schutzbereich,saarlands,den,nacherbe,sparerzuschlag
28,zu,depotbank,gefangene,ersatzkassen,wenn,vertikal,prüfungsverband,ortszuschlag,abs,jugendwohlfahrt,pariser,sparanlage,asyl,abs,vorhaben,werden,damals,pflichtplätze,vermächtnisses,geschädigten
29,branntwein,pfandbriefbank,auf,beitrittsgebiet,dienstbarkeit,im,konzerns,auf,packungsbeilage,abs,betreiber,personensorge,unionsbürger,von,gewässer,dem,überzahlter,fahrzeuge,und,schäden
30,einkünfte,institutsgruppe,eine,bundesausschuss,eine,strom,rückstellung,dienstunfall,werden,auf,radioaktiven,für,grenzbehörde,auf,tiere,flugplatzes,kürzungs,übergangsgeld,dem,grundbeträge
31,bier,für,jugendstrafe,abs,nutzers,sozialgericht,rückstellungen,ist,medizinprodukt,ordner,endlagerung,elterliche,asylantrages,versicherers,umlegungsgebiet,auf,witwerrenten,wertmarken,nachlaßgericht,ostgebieten
32,nicht,crr,taten,rehabilitation,erbbaurecht,vergabekammer,bilanz,laufbahn,tier,gebietsverbände,radioaktiver,vormunds,registerbehörde,kapitalerhöhung,baugesetzbuchs,seelotsen,vollwaisen,bundesanstalt,in,ausgleichsamtes
33,abs,im,im,im,so,abs,mitgliederliste,dienstunfalles,mit,nicht,nicht,erziehung,eingereist,finanzholding,pflanzenarten,luftfahrzeuge,rentenempfänger,arbeitsausfall,inventarfrist,vertriebener
34,das,emittent,beschuldigte,werden,kann,einer,gewinnrücklagen,endgrundgehalt,sind,films,elektro,nicht,für,ausgabebetrag,rückenteignung,sorten,sonderzuschuß,hubraum,den,dem
35,auf,zu,wenn,teilhabe,werkes,sind,lagebericht,zulage,lebensmitteln,volksbefragung,eur,vaterschaft,den,barabfindung,vorkaufsrechts,sortenzulassung,altersfürsorge,fahrzeugen,notarkasse,von
36,brennereien,aktien,fahrlehrer,bundesagentur,verpächter,eine,prüfungsstelle,beamtinnen,apotheken,mit,preußische,betreuers,zu,eigenmittel,sind,luftbeförderung,bundesbeihilfen,auf,notare,für
37,sind,bausparkasse,wird,mit,ein,mit,sonderposten,abs,im,heuerverhältnis,steuerschuldner,annehmenden,von,gefahrerhöhung,biotope,luftfahrer,vervielfältigt,dem,ausschlagung,west
38,steuerzeichen,nicht,patentamts,eine,im,kollektivmarke,geschäftsanteil,stellenzulage,klinische,grundgesetz,rücknahmesystem,eltern,paß,sacheinlagen,werden,sortenschutz,bruttolohn,nicht,für,geschädigte
39,wirtschaftsgut,absatz,bestraft,witwenrente,gentechnischen,gegner,geschäftsjahrs,fachausbildung,europäischen,ausscheider,im,betreuer,abs,aktie,gemeinbedarfs,im,pflegegeld,arbeitsmarkts,bedachten,im
40,hl,instituts,jugendlichen,landesverbände,grundbuch,beträchtliche,wertansatz,im,futtermittel,sind,gesetzsammlung,ehegatten,sicherungshaft,sind,ortsüblich,sind,ungekürzte,im,testaments,sowjetsektor
41,schaumwein,das,bewährungszeit,zur,besteller,zur,geldinstitute,professoren,geflügelfleisch,aufzuges,treibstoffe,gegenvormunds,nicht,im,dem,eisenbahnen,vervielfältigte,abs,pflichtteils,vertreibung
42,reit,satz,verurteilte,bei,pfandgläubiger,beklagten,werden,zu,zur,grundgesetze,das,vermögenssorge,paßersatz,werden,bedarfsträger,plan,kinderzuschüsse,unterhaltsgeld,vorerben,auf
43,werden,börsenhandel,römischen,pflegestufe,werden,vermehrungsgut,im,dienstzeit,eine,eine,zur,pflegeperson,einreisen,bilanzgewinns,baulichen,abs,altershilfe,pflichtplatz,von,sparanlage
44,satz,eu,kriegswaffen,satz,nießbrauch,über,mit,laufbahnen,tierseuche,zur,werden,von,im,mit,im,luftfahrzeugs,vervielfältigen,tageweise,nachlasses,wirtschaftsgut
45,west,europäischen,verurteilten,einer,teilungsplan,arbeitsgerichts,satz,beamtin,prüfnachweise,heimatlose,biokraftstoffe,auf,außenstelle,wenn,naturschutzes,mit,gehaltssumme,arbeitsentgelt,vermachten,ist
46,steuerschuldner,ist,strafe,arbeitsleben,gesamthypothek,kann,genosse,anwärter,schmerzen,bundestages,abs,betreuten,werden,sonderbeschluß,auf,luftfahrt,versicherten,behinderte,miterbe,divisor
47,besteuerung,sondervermögen,zur,krankengeld,hypothekenbrief,wenn,aktivseite,personalakte,sera,finanzhilfen,bergverordnung,vater,wenn,mitbestimmung,förmlich,db,kinderzulagen,das,zu,sparguthaben
48,steuerfrei,spezial,sind,arbeitsentgelt,pächter,arbeitsgericht,abschlussprüfer,waisengeld,einer,infektion,auf,wenn,folgeantrag,eine,nicht,luftaufsicht,oder,sperrzeit,abkömmling,geschädigter
49,vorsteuerabzug,prospekts,überstellung,rente,nutzungsrechts,durch,nachschüsse,ruhestandes,fleisch,koch,bergbaubetrieb,beistandschaft,zurückgeschoben,montan,bauleitplänen,mautgebühr,sind,vertrauensmann,nach,abs
50,anschaffung,handel,hauptverfahrens,rentenwert,pfandrecht,kilowattstunde,geschäftsjahr,das,klinischen,robert,preußischen,abs,ausreisepflicht,über,bodenrichtwerte,eine,vom,angetrieben,bedacht,zuerkennung
51,bei,auf,fahrschule,buches,einer,madrider,treuhandanstalt,von,verkehr,bundeskanzler,berggesetz,ausgleichsrente,das,wahlvorschlag,städtebaulicher,durch,amtsblatt,bis,erbschein,vermögensabgabe
52,steuerklasse,eigenmittel,bewährung,alterskasse,hat,wird,liquidatoren,werden,über,durch,altgeräten,werden,passes,aktionärs,naturschutz,aeq,waisenrenten,zugmaschinen,letztwillige,spareinlagen
53,finanzamt,mit,über,vertragsärzte,mit,netzzugang,aufsichtsrat,überstaatlichen,bei,einer,sind,anzunehmenden,eine,hat,abs,schutzzone,rentner,ccm,das,endgrundbetrags
54,steuerpflichtig,abs,minder,kassenärztliche,ersteher,patentgericht,ertragslage,dienstgrad,bundesinstitut,bundespräsident,dem,jugendamts,einer,sacheinlage,das,über,lastenzuschüsse,werkstatt,pflichtteil,eur
55,gewinnerhöhend,kapitalpuffer,freiheitsstrafe,menschen,durch,absatz,offenlegung,beamter,satz,förderungshilfe,deponie,wohnform,dem,bezugsaktien,bebauungspläne,zur,ist,kubikzentimeter,amtssitz,zinszuschlags
56,ausschüttungen,sind,kann,integrationsamt,eines,diensteanbieter,anhang,grundgehaltes,nebenwirkungen,stimmumschlag,immissionen,genetische,fingerabdrücke,delegierten,bauliche,start,geldleistungen,kraftfahrzeugen,beurkundung,rechnungsjahr
57,anzahlungen,derivate,durch,medizinischen,finder,eeg,verlustrechnung,mit,schadorganismen,über,kombinierten,eine,asylantrags,grundkapital,ortsteile,vertragsgesetz,weiterzuzahlen,über,nacherbfolge,besatzungszone
58,mit,kunden,geldstrafe,auszubildende,wird,offshore,über,bibliothek,pharmazeutische,kapitän,satz,kann,pass,kann,ersatzlands,zugehörigem,satz,mit,geschäftswert,saarländischen
59,eine,bausparverträge,gerichtshofes,absatz,zur,ein,statut,dienstbehörde,absatz,kann,versteuerte,hat,auf,jahresabschluß,planungsverband,wenn,bei,fahrzeugs,nicht,ostschaden
60,angeschafft,markt,bis,übergangsgeld,grundschuld,blindenwaren,eine,nicht,schiedsspruch,bundeskanzlers,bergfreie,unterhalt,passersatzes,aktuar,raumordnung,einer,aus,wertmarke,beschwerte,werden
61,rücklage,dem,anstaltsleiter,leistungsträger,grundbuchs,beweisführer,lageberichts,zulagen,durch,bundesrichter,absatz,ein,lichtbild,ein,tier,kreuzung,zu,werden,erbteile,zonenschaden
62,wenn,kernkapital,gerichtshof,altersrente,grundstück,verhandlung,beginnende,besoldung,zusatzstoffe,bei,mit,zugewinns,bundesgebiet,sachübernahmen,gemeindegebiets,kann,dem,steuersatzes,nachlass,sind
63,steuererklärung,anlegern,angeschuldigten,arbeitslose,mietsache,erneuerbare,gesellschafter,besoldungsrecht,fachinformation,ein,deponien,anrecht,azr,gründungsstock,arten,luftverkehrs,arbeiter,arbeitsentgelts,ausgleichung,wirtschaftsguts
64,steueranmeldung,organisierten,maßregel,modellvorhaben,mietverhältnis,rechtsanwalt,abschreibungen,ruhensregelung,verschreibung,grundgesetzes,durch,junge,bundesagentur,gesellschaft,bepflanzungen,stammzellen,mit,pmk,auf,nicht
65,steuerbefreiung,bedeutenden,ein,wenn,versteigerung,satz,einzahlungen,laufbahngruppe,futtermitteln,bundesgesetze,entsorgung,elternteils,absatz,vorstands,baugebot,vorhabens,ermittelnde,abmeldung,erbfolge,freibeträge
66,betriebsstätte,einer,strafrestes,spitzenverband,abs,endnutzer,haftsumme,bis,stoff,europäischen,ionisierender,jugendliche,mit,gründer,mit,messgerät,von,sind,vermächtnisse,härtefonds
67,sonderausgaben,kreditnehmer,jugendrichter,bis,an,beklagte,umsatzerlöse,endstufe,nr,bundesrate,bergfreien,einer,personalausweis,gründungsprüfer,baugebiete,flugplätze,im,entladestelle,werden,hausratverluste
68,außenprüfung,eine,bei,steigerungszahl,teilfläche,netz,handelsregister,beamten,weintrauben,briefabstimmung,bergschadens,im,zur,kapitalrücklage,enteignenden,schutzbereichs,fremdrenten,äußerlich,so,bis
69,absatz,börsenrat,täters,landwirt,pfandes,hat,vereidigte,witwen,qualitätswein,anklage,kernmaterialien,ehe,bundesamtes,zur,washingtoner,seeamt,artikel,bei,anwaltsnotare,rechnungsjahren
70,sondervermögens,über,hat,über,pfandgläubigers,partei,einer,urlaub,stoffen,wenn,emissionen,genetischen,hat,handelsregister,biotopen,sortenliste,werden,straßenverkehrs,anwachsung,an
71,depotbank,werden,straftaten,an,darlehensgeber,beträchtlicher,auszuweisen,beurlaubung,zubereitung,finanzkraft,eine,güterstand,nachsucht,durch,umweltprüfung,verkehr,jugendwohlfahrt,dm,mißbilligung,zu
72,einer,gemischten,so,mitarbeitende,sind,wasch,ein,einer,diensterfindung,wird,einer,so,aufgehalten,pensionsfonds,bauleitplans,messgeräte,geldleistung,pm,ein,beihilfe
73,versteuernden,wertpapier,patentanwalts,wird,verbraucher,bei,wenn,versetzt,tierversuche,stimmzettel,feld,annehmende,satz,einer,zur,messgeräts,auslandsrenten,wenn,anwaltsnotar,ausgleichsämter
74,betriebstätte,kursmakler,nebenkläger,ambulanten,über,megawatt,als,dienstlichen,einfuhr,eines,festlandsockels,pfleger,asylanträge,satz,durch,bei,witwen,ausweise,miterben,ostgebiete
75,steuersachen,kreditinstitut,todesfolge,arbeitslosen,nacherfüllung,markenabkommen,inventur,hochschullehrer,wird,spenden,schädlichen,ehevertrag,ein,bei,vorkaufsrecht,hat,bundesgesetzbl,wird,amtsausübung,vom
76,steuerlagers,haftenden,höchstmaß,landesverbänden,bodenreform,parteien,bei,dienstort,wirkstoff,vermögensrechte,strahlenschutz,abkömmlingen,eines,abschlußprüfer,geschützten,kreuzungsanlage,erneuter,vom,beschwerten,teilbescheid
77,als,bankgeschäfte,haftbefehl,einzugsstelle,mieters,an,eigenkapital,beamte,gewebe,satz,erdgas,ehezeit,kann,treuhänder,eine,fluggast,umgestellt,antrieb,erbfall,altsparergesetz
78,einkünften,dass,täter,bergleute,staatsbank,eines,prüfer,ein,wenn,heimschaffung,steuerlager,pflegschaft,familiennachzug,aktienregister,enteignet,kreuzungen,an,eine,wenn,weltkriegs
79,an,professionelle,schöffen,als,bodenwert,frequenznutzung,provision,grundgehälter,pfändung,seemannsamt,stoffen,sind,bundesamt,nennbetrag,baulandsachen,montrealer,betrag,arbeitslos,zustatten,vertriebenen
80,zur,an,gesamtstrafe,sie,briefes,bis,rücklagen,ortszuschlages,gläubiger,schwimm,festlandsockel,verfahrenswert,lebensunterhalt,herrschenden,kann,halbmesser,zugrundelegung,arbeitsberatung,wird,hausrat
81,gleichmäßigkeit,übergeordnetes,satz,verletztengeld,darlehensnehmer,jüngerem,befreienden,dienstliche,betäubung,artikel,betriebsplan,mit,bundesgebiets,rückstellung,gemeinde,ein,arbeitsunfälle,zur,gebühr,grundvermögen
82,steueraufsicht,ein,verteidigers,heimbewohner,verkäufer,so,einzelkaufmanns,sind,naturhaushalt,rahmenplan,bodenschatz,letztwillige,fundpapier,eines,bauleitplanung,wird,dieses,beschäftigung,konsularbeamten,mit
83,abziehbaren,großkredite,eines,rentenwerts,frachtführer,grubengas,ingangsetzung,waisengeldes,homöopathische,dieses,verwertung,aufgabenkreises,passpflicht,pensionskassen,grundstück,satz,gilt,berufsleben,konsularbezirk,einheitswert
84,wird,wertpapieren,an,beitragssatz,vormerkung,energien,ausleihungen,stellenzulagen,charge,tierarzt,feldes,jugendarbeit,polizeilichen,geschäftsleiter,gewässers,zugtrassen,übergangsgeld,als,erbteils,härteleistungen
85,bis,zur,hilfsschöffen,renten,werk,kilowatt,bilanzsumme,satz,anmeldestelle,heuer,sammelband,volljährige,wird,einlagen,absatz,linienführung,januar,flächenaufdruck,eine,erben
86,vom,kredite,fahrzeugdaten,ein,verpfänder,rufnummer,zeitwert,dienstunfähig,spendenden,konvention,sondernummer,inobhutnahme,flüchtling,versicherten,lebensstätten,landeflächen,altersgelder,krafträder,amtsenthebung,bei
87,lieferungen,veränderlichem,einem,erwerbsfähigen,hauptschuldner,lizenz,zur,nebentätigkeit,kann,preußen,batterien,dispache,familiärer,vorstand,wenn,seelotsrevier,daß,baugewerbes,ermahnung,aufbaudarlehens
88,lohnsteuerkarte,stimmrechte,schuldspruch,durch,grundbuchamt,markensatzung,aktien,leistungsbezüge,altbanken,an,anlagen,gesamtguts,schengen,so,rechtszustand,luftsportgeräte,unfälle,arbeitsmarkt,ersatzerben,vollwaisen
89,sinne,bausparer,amtsträger,agentur,grundbücher,anwalt,bilanzstichtag,schutzzeit,einzelurkunden,als,oberfläche,mannes,aufenthalts,außenstehenden,vogelarten,wasser,rentenbetrag,gehbehindert,zur,als
90,brennerei,wirtschaftsraum,fahrverbot,publizisten,als,anbieter,buchprüfer,ruhegehalts,soweit,stimmbezirk,unterpositionen,zur,eingebürgert,mehrheitsbesitz,schönheit,eines,arbeitsunfall,fahrten,einer,das
91,unbeschränkt,leverage,restes,unfallkasse,miete,gegners,hat,planstellen,dass,stimmschein,biokraftstoff,durch,sind,ausgegeben,satz,eisenbahn,ortslohn,arbeitgeber,kann,schadensgruppen
92,nr,hat,strafkammer,vertragsarzt,vorschriften,als,nachschüssen,anwärterbezüge,ein,gesetzesvorlage,strahlen,ehegatte,ausweisung,delegierte,baugesuchs,luftraum,sich,fahrzeugscheins,hat,sozialzuschlag
93,brennrecht,kann,medizinprodukte,mitarbeitenden,gentechnische,schutzdauer,volkseigene,dienstherr,wein,krankheiten,trier,eines,blaue,als,wildlebender,berührten,wohngeldgesetz,ein,anwärterdienst,einkünfte
94,kapitalerträgen,derivaten,gefangener,beschäftigung,grundstücks,arbeitssachen,tätigkeits,bei,hat,bis,vertreiber,standesamt,visa,treuhänders,planungen,luftfahrzeugen,gesetzes,fernverkehr,im,altsparanlagen
95,ein,kreditwesen,absatz,leistungen,einem,patentamts,vorstands,dienstfähigkeit,blutprodukten,aufzügen,menge,zugewinn,paßersatzes,jahresüberschuß,öffentlichkeits,soweit,beiträgen,fahrzeugklasse,erbscheins,existenzaufbau
96,steuerpflicht,zielfonds,nr,eurojust,gebäude,dass,prinzipals,eine,bringt,übertragbarer,erdölverordnung,scheidung,reiseausweises,wird,festsetzungen,luftraums,zehntel,steuersatz,zuwendung,wegnahme
97,unternehmer,einem,urteilsgründe,landwirte,eigentümer,haushaltskunden,prüfungsrechts,offiziere,laborpraxis,filme,gl,jungen,innern,absatz,missstände,vorhaben,auf,rückkehrhilfe,kundig,saarland
98,bundesfinanzhof,anlagebuch,prostitution,hat,bei,beweisaufnahme,kann,entpflichteten,pharmakologisch,gerichtshofs,grundeigenen,güterstands,vollziehbar,bedeutenden,straßenbaulast,sie,nicht,km,erbrecht,lebensunterhalt
99,ausschüttung,handelssystems,munition,wartezeit,vertragsteil,schriftsatz,passivseite,wird,sachkenntnis,tierärztliche,nebengewinnungs,schöneberg,visumverfahren,wahlorgan,enteignende,absatz,kind,rahmenfrist,verkäufer,sparerschaden
100,durch,informationen,strafkammern,erwerbsfähige,nießbrauchs,strommenge,so,als,erzeugnisse,senats,verkehrsanlage,amtspflegschaft,einreist,basistarif,über,basissaatgut,witwerrente,fahrzeugschein,als,vorzugsrente
101,buchwert,bis,beleidigung,gilt,zahler,prozessgericht,jahresabschluss,zurückgelegt,kosmetische,heimatlosen,betriebsplanes,verein,über,geschäftsplan,bauleitplan,schiffahrtsamt,bis,arbeitsamts,notaren,erfindungen
102,hat,teilfonds,führerschein,bezieher,zahlungsvorgang,anrufe,bis,dienstherren,vitro,hat,fachkunde,mann,asylgesetzes,obliegenheit,ein,bundeseigenen,deutsche,einer,beurkundungen,wird
103,anschaffungs,aufnahmestaates,sich,datenstelle,rentenschuld,vergabekammern,eines,absatz,leiden,sie,schädliche,wird,seriennummer,unternehmen,oberirdische,verkehrsweg,das,durch,durch,geldwerten
104,zollkodex,bei,als,schiedsstelle,sich,rechtsstreits,durch,probezeit,schiedsgericht,absatz,über,familienpflege,sich,bis,planungsträger,als,mark,halterwechsel,ersatzerbe,sowjetischen
105,mitunternehmer,kreditinstituts,auch,ärzte,forderung,herkunftsangabe,geschäftsführer,trennungsgeld,bis,grundrechte,holsteinischen,über,europäischen,stückaktien,meeresgewässer,fluggästen,wohngeld,kilogramm,anfall,anzusetzen
106,aus,handelssystem,aufbauseminar,budgets,wandelung,sie,geschäftszweig,wenn,wertansatz,rahmenplans,tiefbohrungen,abkömmling,setzende,unterbewertet,eigentümer,luftfahrtgerät,hilfsmaßnahmen,ausfallstunden,eines,umsiedler
107,veranlagung,abschlussprüfer,versuch,arbeitsausfall,formwechsel,arbeitsgerichte,gezeichneten,wehrdienst,tierseuchen,ausländer,gewinnung,hilfeempfänger,nr,wahlvorschläge,sträuchern,lotsgelder,anwendung,arbeitszeit,ausschlagen,reparations
108,steuerfreien,anlageberatung,führerscheins,pflegesätze,ansehung,mahnbescheid,bildes,amtsbezeichnung,wirbeltieren,parteitag,kohle,bei,einem,direktoren,populationen,starten,angestellten,kraftfahrzeuge,abkömmlinge,restitutions
109,einfuhr,richtlinie,beschlagnahme,nr,belasteten,verfahren,verschleiert,eingangsamt,tierarzt,prophylaxe,hessischen,aufgabenkreis,bei,nachschüsse,einer,luftverkehr,anzupassen,wöchentliche,todeszeit,aufgebotsfrist
110,gewinne,handelsbuchs,statuts,knappschaft,bebaut,briefsendungen,absatz,amtszulage,zulassung,vom,montabaur,güterstandes,bis,deckungsstocks,oberirdischen,an,sie,unbesetzten,abs,zuerkannte
111,teilwert,sinne,vollzugsbehörde,kann,verwendungen,einem,sie,gilt,erzeugnis,musterung,steuererklärung,sozialdaten,politischer,hauptaktionär,eines,nr,rentenantrags,nr,ausgründende,ein
112,nomenklatur,bundesbank,zubereitungen,sowie,er,klassifizierer,fehlbetrags,höchstgrenze,an,freiem,steuerfrei,eheschließung,als,herrschende,streng,flughafens,abhängigen,kalendertage,mit,durch
113,abnutzbaren,ksa,sie,zum,verpächters,europäischen,wird,einsatzunfalls,versuche,bundesrecht,heizstoff,geburtsnamen,ausweisersatz,einem,naturhaushalts,bis,eine,fahrzeughalter,sind,pflegezulage
114,gilt,eines,vernehmung,wertguthaben,ersitzung,rufnummern,statuts,witwe,proben,veranstalter,steueranmeldung,erwerbsgeschäft,grunddaten,beschlußfassung,wasserabflusses,neubau,zurückgelegt,satz,über,bausparguthaben
115,letztmals,durch,subvention,ost,reisepreis,einspeisung,assoziierten,besoldungs,schiedsrichter,sonderbedarfs,bergschaden,nachlaßgericht,reiseausweis,rücklage,überbaubaren,reisegepäck,zahlenmäßig,arbeitnehmer,inventars,erwerbsunfähig
116,finanzgericht,zahlungsdienste,strafbar,soweit,gesetzbuche,netzanschluss,aktivierte,einsatzunfall,blut,abstimmungstag,erdölgesetz,elterlichen,biometrischen,deckungsstock,bebaute,standardsaatgut,betrags,entsendestaates,beschwert,spareinlage
117,investmentfonds,nr,bundesinstitut,mitarbeitender,gastwirt,strommengen,endende,dienstgrades,reichsmark,bunde,hauptzollamt,standesbeamten,dass,an,bebauungsplänen,zivilluftfahrt,gesetzlichen,umkreises,zusatzgebühr,tochter
118,zerlegung,feeder,strafarrest,sich,hauptschuldners,soweit,aktiengesetzes,versetzung,sponsor,bundesorgans,förderabgabe,vereinsbetreuer,zuerkennung,herrschendes,dass,europäischen,berufshilfe,aufliegelast,bei,weggenommen
119,einem,wenn,strafaussetzung,aus,gutes,schriftsätze,haftenden,altersgrenze,bankgläubiger,schutzwaffen,gerätebatterien,wohl,drittstaat,abwickler,rückbau,so,nr,stützlast,eintritte,kontrollgebiet
120,abnehmer,großkredit,ausgenommener,haushaltshilfe,vorkaufsrecht,hauptpartei,nennbetrag,fortgeltenden,arzneilich,aufkommen,nukleare,dass,aufnahmequote,ersatzmitglied,austauschland,antragstag,kalenderjahren,krankengeld,urschrift,schadensgruppe
121,wirtschaftsguts,kreditinstitute,fahrschüler,kassenart,dauerwohnrecht,speicheranlagen,auch,bundeswehr,hälterung,tierarztes,radioaktive,gegenvormundes,reisedokument,eingegliederten,baulasten,aufgegebenes,landwirte,tarifliche,gebührenfrei,innerdeutscher
122,steuerklassen,handelsbuch,besserung,beitragszahlung,teilhaber,aus,einzelkaufleute,vorbemerkung,menschen,läge,schmierstoffe,ehesache,daten,arbeitnehmer,beitragsfähige,lotstätigkeit,anpassung,wöchentlichen,fachprüfung,ungeschützten
123,hauptzollamt,schwellen,jugendarrestes,landabgaberente,pachtverhältnis,rechtsstreit,anlagevermögen,unfallfürsorge,als,gesetzes,erdöl,eheschließenden,unerlaubt,kapitalmehrheit,enteignete,schifffahrtsamt,ohne,sie,vorlesens,ständigen
124,eines,instituten,anklage,auch,gebots,sich,anlagevermögens,vom,wirbeltier,plenum,nr,sorge,humanitären,hervorgehenden,gemeinbedarf,flächen,so,beitragspflicht,schenkung,abgeltungssumme
125,lieferer,unternehmen,verfall,ersatzzeiten,nutzungsrecht,gesuch,unternehmen,laufbahnprüfung,menge,bord,bei,anrechts,durch,verwaltungsrats,außenbereich,halter,lastenbeihilfen,kriegs,amtsgeschäfte,sperrbeträge
126,versandhändler,geldwäsche,straftat,pflichtbeiträge,zum,auch,schulden,dienstes,registrierung,reeder,hersteller,ehepaar,familiäre,betriebsrat,hat,messgeräten,rückforderung,personenverkehr,anmeldungsfrist,geldinstitute
127,einbringende,jahresbericht,hauptschöffen,eines,vermieters,folgesachen,stammeinlage,ämter,ethik,landtag,bergbehörden,väter,einen,sie,vorhabens,rebe,stelle,verkehrsverbot,amtsbereichs,mehrgrundbetrag
128,werbungskosten,multilateralen,steuerberater,vom,auch,effizienten,gezeichnete,staatsanwälte,pflanzen,cholera,betriebsplänen,junger,subsidiären,gesellschaften,baumaßnahmen,luftfahrzeug,als,verunreinigung,letztwilligen,lag
129,soweit,anfangskapital,soweit,alterskassen,bis,stahlerzeugung,einbezogenen,umzuges,einführer,infektionen,bauwarnung,kostenbeitrag,er,bilanzgewinn,wird,saatgutes,wenn,straßen,er,nr
130,zulage,systemische,jugendarrest,bewohnerinnen,pfandrechts,erinnerung,bundesanzeigers,witwengeldes,gebracht,senat,bergwerksfeld,überlebende,unionsbürgers,beherrschungs,natura,seelotsreviere,sowjetisch,anspruchsdauer,sich,saarländischer
131,ausbauten,als,patentassessor,künstler,gläubigers,prozeßgericht,sparkassen,eines,mensch,übertragbaren,rißwerk,standesbeamte,aufhält,aus,artenschutzes,seelotsreviers,besatzungszone,pflichtsatz,ansehung,zur
132,organträger,bankguthaben,vollstreckung,witwerrenten,pacht,ehrenamtlichen,anzuwenden,umzüge,schuldners,gerichtshof,nuklearen,pflichtteil,herkunftsland,wahlgremium,bebauung,umweltbehörde,juli,an,beschenkten,elternrente
133,zigaretten,skontroführer,vermögensstrafe,haben,mietspiegel,prozeßgebühr,sich,aus,ausfuhr,gesetz,genehmigung,vaters,unionsbürgern,betriebsräte,grundstücks,leute,vorschriften,arbeitgebers,verlobten,wenn
134,folgeobjekt,sowie,zuchtmittel,bezugsgröße,bauwerk,nr,kaufmann,durch,wirbeltiere,aus,brennstoffe,übergangszeit,ersuchende,gründungsstocks,bei,genehmigung,ff,steuerschuldner,wert,soforthilfe
135,fördergebiet,herkunftsstaat,strafvorbehalt,regionalträger,reallast,netzbetreibers,direktoren,an,eines,impfschaden,bis,adoptionsstelle,asylberechtigte,vorzugsaktien,nationalparke,abflug,neuregelung,kennzeichen,abkömmlings,alleinstehende
136,kann,gelddarlehen,kraftfahrt,wohngeld,erbbauzinses,gericht,vorschriften,zum,tierhalter,geimpft,gesetzes,bis,speicher,gilt,gebiete,embryonalen,fassung,schlüsselnummer,zugewendet,neiße
137,über,bauspargeschäft,jugendkammer,unfallkassen,reisende,vor,jahresüberschuß,innern,verbringen,rahmenplanes,sammlung,satz,ausreiseverbot,zwischenscheine,belastenden,vorarbeiten,worden,wohnmobile,bezirksnotar,über
138,nennkapital,aufnahmestaats,aufsichtsstelle,dass,grundbuchblatt,lng,einem,sich,homöopathischen,sich,soweit,geschiedene,an,posten,sowie,behörde,fünftel,berufsförderung,hinterlassene,sinne
139,steuerbelange,transaktion,staatsanwalt,unparteiischen,dass,widerklage,aufstellung,zur,seuche,einem,dass,sich,vordruckmuster,nur,naturgüter,bauwerke,würde,arbeitsplätzen,dass,franken
140,gewerbeertrag,muss,festnahme,behinderte,käufer,mündliche,geschäftsjahre,zurruhesetzung,dieses,film,wird,auch,identität,verschmelzung,umlegungskarte,zeitvorrang,ergibt,arbeitsplätze,amtstätigkeit,rückerstattungs
141,besteuert,kernkapitals,nebenfolgen,sozialhilfe,bauliche,antrag,offengelegt,waise,einem,so,behörde,elternteil,sie,bezugsrecht,bis,züchter,leistungen,arbeitskampfs,vorschriften,verstorben
142,erstobjekt,aufsichtsorgans,gilt,rentenartfaktor,baulichen,sowie,firmenwert,auswärtigen,stoffes,arzt,wenn,sie,erwerbstätige,gründern,soweit,unterhaltung,lebensunterhalt,hat,erbeinsetzung,schädigung
143,gewerbebetrieb,geldern,er,waisenrente,aus,güteverhandlung,europäischen,knappschaft,zusatzstoffen,versammlungen,vom,rechtspflegers,ehelicher,auch,erschließung,tief,umstellung,steuersätze,zugewendetes,sterbevorsorge
144,jahreserzeugung,agenten,gericht,entsprechend,beschlagnahme,sozialgerichts,firma,dieses,weinfonds,filmvorhaben,transit,abkömmlinge,asylrechtlicher,sich,bauwilligen,speicherbecken,verletztenrente,arbeitsämter,vorgelesen,volkszugehörige
145,versender,einlagen,sexuelle,erziehungsrente,bodenwerts,absatzfonds,an,planstelle,vollstreckbar,coli,treibstoffen,gilt,jugendstrafe,arbeitsdirektor,zoos,umwelterklärung,dm,werkstätten,niederschrift,satz
146,kapitalvermögen,sachwalter,nur,alterssicherung,ankauf,entscheidung,kaufmännischer,grundvergütung,sie,soweit,kann,vormundschaften,formlose,geschäftsjahrs,plan,gilt,maßgabe,aufgeldes,siegel,schadensgebiets
147,steuerbescheids,bauspardarlehen,abfälle,daten,range,einen,konzernanhangs,gesetzes,ionisierende,auftrage,erkundung,mutter,ict,finanzaufsicht,pläne,landung,einer,präsidialrat,nachlaßgerichte,aufenthaltnahme
148,lieferung,eigenkapital,einen,arbeitsmarkt,gebäudes,gilt,nr,kann,landwirtschaft,verwirkung,vorsorge,sozialhilfe,approbation,gewinnvortrag,risikogebiete,plans,kürzung,sozialordnung,vermächtnissen,zuerkannt
149,sich,finanzsektors,daß,ehezeit,recht,anmeldetag,konzern,hochschulen,wirkstoffes,sp,rohrleitung,einem,blauen,dass,schutzzweck,ältermann,auch,schadstoff,nur,unkostenbeitrag
150,gewerbesteuer,bausparkassen,unterbringung,telematik,schenker,rüge,assoziierter,sonderzuschlag,impfstoffe,wachdienst,landesrechts,tot,direkteingabe,garantiefonds,wertsteigernde,verhandlung,wohnbeihilfen,dienststelle,einem,gilt
151,steuerbescheid,prozent,hehlerei,vor,inventarstück,geographische,geschäftszweigs,arbeitszeit,ernährung,grundheuer,dieses,als,festnahme,börsennotierten,mißstände,sowie,dezember,kann,schreibauslagen,überzahlung
152,veräußerung,notierung,richter,witwenrenten,bestellers,anmelder,prokura,flugsicherung,nennkapitals,musterrolle,großräumigen,fortgesetzte,mehrstaatigkeit,europäischen,gesetzbuch,handelssaatgut,arbeitsunfalls,anhänger,legalisation,wohnungsbau
153,abzugsbeträge,börsen,privatklage,mitgliedskassen,versprechens,cent,kreditwesen,abfindungssumme,sowie,seefahrtbuch,sowie,erbschaft,sterbedatum,aktienbuch,nachteiligen,sich,über,luftlinie,aufgebot,hausrathilfe
154,anzuwenden,fonds,jugendliche,schiedsamt,mithaftend,empfangsstelle,befreiende,kuratorium,gesetzes,absonderung,anforderungen,anrechte,personalien,namensaktien,auch,bundesstraßen,rententeile,inländisches,beglaubigung,feststellbarer
155,steuerlagern,kapitalpuffers,aus,einem,ablaufe,mündlichen,mittelgroße,bewerberliste,biologische,fieber,biokraftstoffs,heims,herkunftsstaat,einen,an,auch,franken,ausweis,anfangstermins,milderung
156,absetzung,systemrelevante,dieses,verminderter,verwenders,prozessgerichts,stammkapitals,stufe,drittschuldner,paratyphus,haushaltungen,nur,unbefristete,fahrer,prioritäre,zufahrten,sowjetischen,zum,gilt,sich
157,fast,sie,gesetzes,zahlbetrag,nur,netzzugangs,anzahlungen,kampfflugzeugen,aktienbuch,typhus,geräusche,vormünder,ausweisersatzes,textform,umweltbericht,betreiber,juni,unentgeltliche,prüfungsamtes,gewährt
158,sie,freiverkehr,schöffe,pflegegeld,besitzer,mahnverfahren,liquidation,dienstlicher,auch,sowie,immissionswerte,pflegestelle,integration,gegenantrag,baugebots,vom,fällen,steuerbetrag,kreditinstituts,ständigem
159,verbrauchsteuer,positionen,haftbefehls,witwen,eigentümers,streitwert,geschäftsleiter,entsprechend,hersteller,schutzimpfung,störmaßnahmen,gütertrennung,ausreisekosten,ruhrkohle,eingewiesene,schienennetz,absatz,zeile,ausfertigungen,aus
160,dass,gemischte,strafbefehl,auszubildenden,einrede,plangenehmigung,beschränkter,fernbleibens,desinfektion,zum,strom,saarbrücken,aktenlage,einberufung,geldabfindung,nur,bezugsgrößen,einem,notariellen,gesetzes
161,steuerbescheide,gruppe,polizeidienstes,arzneimittel,nießbrauchers,entsprechend,gesellschaftern,hat,paul,bundesmittel,bergwerksfeldes,heim,aktenführende,niederlassung,spielanlagen,beschwerte,berechnet,sattelanhängern,erbfalle,worden
162,hektoliter,kredit,gegen,kalendermonate,gilt,nur,gezeichnetes,gehobenen,so,bundesgesetzes,verbringung,überlebenden,betrauten,gemischten,gewässern,dass,worte,orangefarbenem,auch,zum
163,lohnkonto,sonderbeiträge,patentanwälte,nur,erwerber,zeichen,gesellschaften,kehrbezirks,gegenanzeigen,partei,bergbaubetriebe,folgesachen,karte,zum,ersatzmaßnahmen,donau,artikels,wintergeld,nachlasse,verluste
164,abziehen,liquidität,höchstfrachten,sozialleistung,sie,notorische,gewinnvortrag,lebensjahres,patienten,nachabstimmung,bergfreier,gericht,asylbegehrenden,rückstellungen,raumbedeutsamen,wasserstraßen,jahr,leistungssätze,vereidigt,altgrundbetrag
165,berliner,börsenpreises,heranwachsende,insolvenzgeld,rangordnung,erneuerbaren,berufsverbot,andauert,gesundheit,unverletzlich,erlaubnisfeld,genetischer,ausreisen,stimmrechts,geschützte,luftfahrern,witwenrente,orangefarbenen,sie,ausgesiedelter
166,gewerbeertrags,zum,bande,bundespolizei,grundbuchamts,angriffs,soweit,nr,rechtsakten,auch,königlichen,anrechten,herkunftsländer,bedeckung,grenzregelung,einem,einführung,beitragsfrei,mindestgebühr,hundertsatz
167,eigenheimzulage,fixem,ausfuhr,arbeitsentgelte,satz,klägers,jahresbilanz,wegfallende,diagnostika,innern,längenfeld,hilfesuchenden,furcht,verein,küstengewässer,landen,unverheirateten,strecke,beschwerungen,einheitswerts
168,pauschbetrag,privatkunden,sowie,teilnehmerin,grundakten,beweisfrage,unterabschnitts,fußnote,aufmachungen,polizeikräfte,stoffes,an,erwerbstätigen,vertragsstaat,satzungen,flüge,vor,finanzamt,fiskus,dieses
169,finanzgerichts,bewerter,wertzeichen,zurechnungszeit,miteigentümers,nachfrager,buchprüferinnen,unfalles,geweben,bundestag,an,absatz,rechtmäßig,erhöhung,tieren,lotsabgaben,fehlerhaft,gilt,prüfling,gesamteinkünfte
170,zolltarifs,risikogewicht,untergebenen,elften,verwalter,elektrizität,aus,verteidigung,eizellen,können,bestrahlter,elterlicher,duldung,anderen,baurechtlichen,seelotswesens,zur,lohnsteuerkarte,gesamtgut,teilgrundbetrag
171,wohnzwecken,anderen,führerscheine,eignungsübung,angewiesene,markt,buchwert,sie,julius,gilt,ablagerung,soweit,zum,abhängige,können,forsten,waisenrente,staatsanwalts,abkömmlingen,zinszuschläge
172,worden,vertrieb,vollzugsanstalt,werkstatt,auslobung,marken,zum,einem,kühn,gesamtpartei,aufarbeitung,erblasser,fingerabdrücken,dispache,bodennutzung,zertifiziertes,maßgebenden,beschäftigungen,soll,vorauszahlungen
173,fertigstellung,treuhänders,vollzuges,ambulante,reichsverband,ausschreibungen,registergericht,waisen,vorschriften,virus,nachbarschaft,bergarbeiter,meldebehörde,kraftfahrzeug,vorschriften,startort,übrigen,vor,notarstellen,angepasst
174,ziff,bilanzsumme,container,arbeitgebers,vor,geographischen,gewinn,kürzungs,behältnissen,zivilschutz,hat,einzelvormund,haft,vertragsprüfer,erhaltungsziele,ausprägungen,früher,arbeitsuchenden,käufer,einkünften
175,zum,bieter,privatkläger,arbeitsentgelts,billigung,mahnbescheids,gewinnrücklage,kehr,kreditabkommens,kriegsdienst,bergrecht,vormündern,freizügigkeit,sowie,genehmigung,bestallung,tritt,kurzarbeiter,todeserklärung,kann
176,steuerfreie,ausgegeben,rechtszuges,rentner,vollversammlung,zeitrangs,vorstand,anwärterbezügen,sich,sonderlasten,abfallbilanzen,er,lesen,erfüllbarkeit,verkehrsanlagen,planergänzung,jahresbeträge,übergangsgelds,präsidium,geldwesens
177,einbehaltene,billigung,raub,landwirts,widerrufsrecht,klageerwiderung,mehrstimmrechte,umzug,aus,nr,flüssiggase,menschen,aus,substitutive,naturnahe,spruch,werte,bahnhof,vollen,monatsersten
178,zufließen,übergeordnete,medien,sperrzeit,geringsten,protokoll,sowie,oberassistenten,unerwünschten,finanzplanung,lärmkarten,betreute,union,sterbekassen,grundflächen,verwaltungsakt,beihilfen,steuerersparnis,landgut,geldeinlagen
179,mitgliedstaat,auch,schußwaffe,unterhaltsgeld,zahlers,streitsache,steueraufwand,via,spendeentnahme,gesetzgebung,koblenz,kinde,rechtsschutzes,mathematischen,bebauten,anflugsektoren,rentenbezieher,zweckfremde,erhoben,alleinstehenden
180,betriebsjahres,publikum,verbotsbehörde,patienten,gebot,klageschrift,gehilfe,wehrdienstes,kennzeichnung,abdominalis,rohrleitungen,teilstationären,ausgereist,taxe,gewässerausbau,talsperren,zahlbetrags,absatz,vernehmungen,euro
181,gesetzes,börsenrates,entscheidung,bezugs,beitritts,beweisführers,pensionsgeber,lebenszeit,eg,impfausweis,zulegung,sterilisation,nur,jahresbilanz,aussterben,gemeingebrauch,genannten,abholung,an,auch
182,eingebrachte,börsenträger,verwarnung,arbeitgeber,unternehmer,gas,stiller,berufsförderung,arzneibuch,virushepatitis,versender,lebenspartner,gilt,nr,entsprechend,leichtigkeit,ein,verletztengeld,notarielle,ägypten
183,brennrechts,anteilsinhaber,führerscheinen,vertragsärzten,mietzeit,markenstellen,sinn,über,dosierung,aufzüge,kraftstoff,zum,aufhalten,aufsichtsräten,sie,behelfssaatgut,ersatzkasse,umschulung,ausschlägt,einer
184,so,bilanzaktiva,lehrfahrzeuge,stationären,beschenkte,zum,sonderrücklage,zeit,hypothek,salmonella,produzierenden,geburt,kind,vorschriften,hochwasser,meter,halbsatz,leistungsgruppe,beschenkte,schaden
185,steuerliche,mitgliedstaat,zutun,weiterbildung,inventarstücke,gegen,stammeinlagen,mittelbeträge,wirkstoffen,nur,abfallgesetz,landesjugendamt,biometrische,abhängiges,sich,können,besserung,arbeitsausfalls,auszuschlagen,westlich
186,steuerberaters,vertragsstaat,strafen,einen,verwahrer,bekanntheit,rücklage,hauptschule,es,impfreaktion,unternehmer,krankenhilfe,geduldet,soweit,neubebauung,erörterung,verheirateten,bezugsfrist,erbunwürdig,erbteile
187,sondervermögen,regulierten,begehung,versorgung,eigenbesitz,maßgrößen,rücklageanteil,direktorin,traubenmost,landessteuern,hessen,sorgeerklärung,vereinten,daß,grundwasser,einen,anzuwenden,nahverkehrs,erbverzicht,zeitpunkt
188,gewinn,haftendes,schweren,bundesebene,grundbuchämter,schriftstück,gesamtbezüge,wehrsold,pflanzenschutz,impfung,erzeuger,rechtsgeschäft,sicheren,ersatzmitglieds,berührten,abflüge,ausgleichsbank,säumniszeit,zugewendete,erbfällen
189,abgabenordnung,treuhänder,nachteils,anspruch,reallasten,energie,einzelabschluss,altersgeld,wasch,landtages,ein,bedürftigen,auch,richtlinie,abgrabungen,ausbau,beitrittsgebiet,arbeitskampf,mithaft,hausratschäden
190,anteilscheine,insiderpapieren,kraftfahrzeugen,krankenhäuser,geschäftsherrn,kläger,schlußbilanz,ix,gemische,länder,betriebspläne,entsprechend,ausweispapier,nichtig,aufschüttungen,unwesentlicher,reichsgesetzbl,richtlinie,nachlaß,vor
191,steuerbeträge,eigenkapitals,entsprechend,können,hinterleger,markenabkommens,vernünftiger,dienstposten,jahresbilanz,union,beförderer,umgangsrecht,unanfechtbarer,konzerns,natur,beständig,grund,dieses,kostenansatz,geldinstitut
192,wertpapier,zentralbanken,wer,pflegeheim,fernlehrgangs,dieses,investierende,kapitalbetrages,wirtschaftsraum,versammlung,steuerlagers,anderen,prüfziffern,verwaltungsrat,nr,eintragbar,abfindungssumme,arbeitsstunden,einen,lebenserwartung
193,zollverfahren,einen,hauptverfahren,budget,eigenmacht,gesetzes,pensionen,bezüge,haltbarkeit,jugendlichen,genehmigungen,vormundes,nächstgelegene,minderheit,als,eurocontrol,verletztengeld,arbeitsämtern,notarin,vorschriften
194,bauunterlagen,sachwalters,bewerber,rentenbeginn,untertitels,klage,geheimnis,konrektoren,höchstmengen,sentinel,steuerfreien,fortgesetzten,politische,vertragsteil,baugebieten,homogen,findet,sinne,amtseid,absatz
195,verbindungsbüro,gruppeninterne,zum,unternehmer,einen,regulierung,gesellschafters,altersteilzeit,schiedsspruchs,filmen,bergrechts,einen,genießt,prokuristen,geschützter,sortenkataloge,einkommens,ganztägigem,bürgermeisters,vertriebene
196,auch,erlaubnisantrag,anderen,vertragsarztes,grundbuchblatts,urkundsbeamten,buchführung,grundwehrdienst,tierischen,helferinnen,strahlenquelle,geschiedener,studiums,bundesanstalt,ziele,zum,verordnung,zuschuß,eintretendes,literarischen
197,mineralöl,wertpapierrat,bedroht,pflegetätigkeit,reisenden,richter,einen,unteroffiziere,ehrlich,heimatloser,mwh,mündelgeld,verlängerung,abhängigen,abwasser,beseitigten,zum,blind,notarassessors,aussiedlung
198,betriebsjahr,risiken,straßenverkehr,agenturen,flächen,vorschriften,anzusetzen,soldatinnen,arrestes,landesrichter,erlaubnisse,geschiedenen,aufenthalte,gemischte,richtlinie,nacht,ergeben,einen,notariatsakten,reichspost
199,ausgeschütteten,börsengesetzes,truppen,gezahltes,bürgerlichen,holzabsatzfonds,bilanzierungs,übergangsgeld,zum,subsidiarität,uran,mittellos,lichtbildes,wahlgremiums,wald,luftfahrerdatei,unter,halter,prägesiegel,eine
200,abziehbar,antizyklischen,fällen,festbeträge,soweit,sozialgerichte,sitzes,amtsgehalt,ce,volksvertretung,bergbaulichen,vor,visadatei,bezugserklärung,zum,embryonaler,beitragsklassen,eines,urgroßeltern,ersatzvermögen
201,vereinnahmten,privatanleger,verurteilungen,hausärztlichen,kündigen,verkehrsdaten,prüfstelle,sonderzuwendung,zucht,ruhezeit,aufsuchungs,sowie,zuwanderung,gattung,lebensraumtypen,prüfungsflügen,neunzehnten,geräuschklasse,geschäftsreise,wohnungsbaues
202,zigarren,bankgeschäften,jahren,landesverband,daß,bürgerliche,prüfenden,professor,heilberufe,übertragbare,berechtsamsbuch,schiedsstelle,ausstellungsort,konzernabschluß,stoffe,ersuchte,berechneten,nächstgelegenem,bezirksnotare,sterbegeld
203,baudenkmal,marktes,berufsverbot,beitragssatzes,abtrennbar,unternehmen,sacheinlagen,rentenwerts,richtlinie,veranstaltungen,bodenschatzes,ehesachen,nationen,solvabilität,bestandskarte,erlaubnisse,soweit,seestrecke,inventar,weitergewährt
204,vor,wird,es,ausgabenvolumen,verpfänders,folgesache,nur,grundgehalts,neufestsetzung,wahlausschusses,geviertfeld,vorschriften,grenzübertritt,fahrzeugs,baugesetzbuches,drehflügler,leistung,zweckfremd,ersteher,dm
205,einlagekontos,umlagejahr,hausgeld,personen,verlangen,es,einlagen,festgehälter,vom,freizügigkeit,lageriß,endvermögen,aufzuhalten,mehrstimmrechte,zulässigerweise,betriebsanlagen,allgemeinen,sitzplätzen,tode,hausratverlust
206,zigarillos,anlegen,strafsachen,behinderten,veranstalter,intelligenten,handelsbestands,anteilssätzen,anwendung,hepatitis,mitzugewinnen,ehename,erteilt,haben,anlagen,erbkomponenten,unfallkasse,beschäftigt,beurkundet,rentenbriefe
207,arbeitslöhne,finanzkreisen,strafrest,vervielfältigt,volkseigenen,zusatzwaren,haben,professors,forsten,rechtsträger,nukleares,amtsvormund,seriennummern,verlustvortrag,einem,sportboote,wird,xiv,staatsprüfung,sachaufsicht
208,hauptzollamts,soliden,arzneimittel,lebensjahres,mieterhöhung,technologie,schlußnote,soweit,gefährliche,vermögensbilanz,naturschutz,betreuungen,voraussetzungen,kreditinstitut,grundbuch,dieses,überschreiten,beförderungen,kostenschuldner,schadensbeträge
209,freibetrag,beteiligungen,tagessätze,witwer,vom,können,liquidator,dienstvergehen,schlachtung,freiheit,schadlosen,antrag,eg,worden,rückhaltung,antrag,kinderzulage,berufsfördernde,abgabensatzung,darlehen
210,ruhrkohle,gegenpartei,tat,abgerechneten,pachtjahrs,gegenstandswert,zeichnen,oberingenieure,festgebühr,krankenfürsorge,unterirdischen,aus,ausweisinhabers,gewissenhaften,grünflächen,beiladung,sinne,entrichtet,erbt,preußen
211,arbeitgebers,rücklagen,zollkriminalamt,rentensplitting,kommissionär,installierten,handelsbriefe,erschwernisse,nur,zustanden,geräteart,förderliche,grundsicherung,bilanz,zielen,verkehrswege,einem,gesetzes,bruchteile,lastenausgleich
212,anzusetzen,anlagepolitik,vor,arbeitsunfähig,sondereigentum,priorität,giroverbands,sowie,gilt,drehbuch,plutonium,örtliche,schlüssel,kraftlos,teileigentum,amax,höhe,eingliederung,amtspflichten,besessen
213,lohnsteuerabzug,auslagerung,strafverfahren,berufskrankheit,rückgaberecht,rechtsanwalts,preisstützungen,auch,tierarztes,bundesrat,aus,vormunde,freiheits,rückkaufswert,rechtsvorgänge,segelflugzeuge,wie,auch,geschäft,familienheimen
214,rauchtabak,anteilen,worden,mitwirkende,bargebot,geschäftsstelle,teilkonzerns,urlaubs,nebenwirkung,einen,baulärm,gesamtgutes,mitgliedstaat,leitenden,zurückstellung,einzuweisen,monatsbeiträge,zulassungs,schenker,soweit
215,jahresausgleich,finanzanalyse,führungszeugnis,polizeilichen,kaufpreis,arbeitsbehörde,unfertige,knappschaften,nutztieren,hafen,biokraft,unterbringung,vor,eisen,erholung,baugenehmigung,gewähren,anhängern,verwahrung,bescheids
216,steuerlichen,finanzanalysen,haftprüfung,kindererziehung,miteigentümer,regelenergie,vom,aufnehmenden,kosmetischen,abstimmungs,antragsjahr,bürgerlichen,ausgewiesen,übergeordnetes,rechtsverlust,es,worten,vorfrist,gesamtguts,übergeleitet
217,auszahlende,erlaubnis,begangen,stationäre,besitzwechsel,betreibern,konnossement,vor,rebflächen,gerichtshöfe,gleichmäßigkeit,ehelichkeit,asylbegehrender,ewr,abwasseranlagen,bauliche,erhöhten,beförderung,erbschaftlichen,gesetz
218,kindergeld,hedgefonds,duplikate,behinderter,notar,zeichens,kapitalerhöhung,flugzeugführer,schuld,antragsgegner,versorger,minderjähriger,durchreise,beaufsichtigtes,landschaftsbild,gleichförmige,besetzten,ausgleichsfonds,unbeschränkt,zuerkannten
219,prozent,aus,verfolgbar,apotheken,freisetzung,wein,kapitalanteil,pfennige,tierärzte,diploms,endnutzer,mütter,folgeanträge,satzung,bäumen,wegeentgelte,saarländische,so,landesdienst,hat
220,mineralöle,altersvorsorge,vorschriften,einzugsstellen,erbbauzins,beigeordnet,offenzulegen,unfallausgleich,haltung,richter,zum,kindern,nichtmitwirkung,bezugsrechts,umwelt,richtern,lehranstalten,tariflichen,bis,ausgesiedelt
221,steuervorteile,dach,stoffe,wirtschaftswert,meistgebot,smart,handelsmakler,dienstzeiten,gläubigers,vertragsstaates,allgemeinheit,wohnformen,postausgabe,aktienurkunden,reichsbahn,schifffahrt,bisherigen,heimarbeiter,beschwerung,umsiedlern
222,steuersatz,unterverwahrer,strafrichter,pflegeperson,erbbaugrundbuch,vernehmung,angesetzt,körperschaden,medizinischen,reich,verbringungen,unterhalts,sprachmittler,zusammengesetzt,wohls,fluggäste,hinzuzufügen,arbeitgebern,gerichtsstelle,einem
223,anlagegold,gesamtposition,verfahren,hilfebedürftige,mietzins,umsatzerlöse,steuerberater,hilfswerk,samen,senate,bergtechnischen,seelisch,geduldeten,versicherungs,raumbedeutsame,ethik,versicherte,gesamtmasse,geschäftswerts,sowjetische
224,europäischen,übertragenden,protokoll,lebensunterhalt,absatz,worden,erstjahr,amtsbezügen,wirkstoffs,einkommensteuer,schmierstoffen,annahme,dieses,hervorgehende,biotopverbund,einwendungen,dienstordnung,baustelle,aus,besaßen
225,kapitalanlagen,sparkassen,registerbehörde,bedarfe,verzugs,urteils,kombinate,beamtenrechte,prüfungsnummer,dass,hauptstellen,lebenslagen,asylbewerbern,dieses,gefahrenkarten,unterscheidbar,jedes,leistungssatz,vorlesen,erbe
226,anlagevermögens,gegenparteien,menschen,arzt,sollzinssatz,beweis,wertansätzen,kehrbezirk,verdächtigen,bevölkerung,markscheider,ehelichen,wohnen,vom,wohnbedürfnisse,revision,errechnete,verleiher,assessor,sozialzuschlags
227,ausfuhrabgaben,systemrisiken,befürwortung,hilfen,fläche,wettbewerbern,prüfers,amtsbezüge,schiedsgerichts,zusammentritt,gesetz,unverheiratetes,pässen,es,verkehrswert,beklagten,anlaß,sich,überlebt,anzurechnenden
228,aufzulösen,gelder,verbüßt,zuschuss,gentechnisch,biogas,handelsbücher,witwenabfindung,testsera,stimmen,brennstoffen,genehmigung,eu,kündigungsrecht,maßnahmen,mündliche,angewendet,schulungs,präsidiums,frau
229,obligatorischen,basis,grundstoffen,gesamtverträge,fernlehrgänge,nachfragern,pensionszusage,schulbildung,aktien,hauptwohnung,abfallgesetzes,nr,suchvermerk,diese,modernisierungs,gesetzes,gewährenden,oldtimer,soweit,saarlandes
230,umsatzsteuer,haupttätigkeit,opfers,wegen,pächters,stall,haftsummen,aufsteigenden,naturschutz,volksentscheide,herstellern,schenkung,es,vor,ausfuhr,vorschriften,nachstehenden,schaltjahren,versteigerungen,geldinstituts
231,einfamilienhaus,konsolidierter,abgeteilten,beitragsanteil,sache,lieferanten,erträge,pauschvergütung,vorzuschreiben,ablaufende,gilt,gesetzbuchs,bewährung,haftenden,städtebauliches,seeunfall,unterschreiten,berufsberatung,ausgründung,vorschub
232,steuerfreiheit,umbrella,heranwachsenden,grundsicherung,eigenbesitzer,teilnehmers,inventars,hinausgeschoben,fischen,abstimmende,umwelt,voranstellen,herkunftsregion,herabsetzung,verfestigung,stellungnahmen,dürfen,wagenklasse,nebengeschäft,gesetzblatt
233,nur,zweigstelle,csc,hauerarbeiten,finderlohn,wettbewerb,abschlußprüfers,leitungsgremien,chemikalien,aufwandsteuern,wohles,träger,unfreiwilliger,prämien,vor,seeämter,gesetz,fahrzeughalters,vielfaches,rückerstattung
234,objekt,nummer,wertersatzes,arbeitsuchende,reichsverbands,scheidungssache,berufssatzung,stiftungsrat,einen,gebietsteil,arbeitsmittel,volljähriger,anderen,entsprechend,gemeindegebiet,bau,süddeutschen,leichten,wegegebühr,kürzungsbetrag
235,vordruck,jahresabschluss,schwerer,abschirmdienst,beschenkten,dauerbetriebs,gliederung,zwölftel,beschluss,viiia,vorhabens,erbteil,gesetzes,mitgliedstaat,allgemeinheit,anliegenden,anpassungsjahrs,kilometern,stempel,gebietsstand
236,bruttoerträge,union,verlesung,förderungsfähig,sondereigentums,messsystem,letztmals,bekleideten,strafvorschrift,volke,grundeigentümer,hilfeart,staat,leistungsfrei,zustands,anerkennende,beitragsrente,widerrechtliche,enthoben,waisenrenten
237,einen,eigenhandel,erzwingungshaft,gelten,veräußerung,frequenz,erläutern,dienstjahre,schiedsrichters,ankunft,otto,es,kontingente,volkswagenwerk,wassers,flugbetriebs,gal,aus,vor,daß
238,bieres,zentralbank,antrag,rentenbezieher,auflassung,kundendateien,neufestsetzung,elternzeit,anwender,ausscheidern,hochradioaktive,entscheidung,arbeitsmarkt,eingeforderten,wesensgemäß,beteiligten,hinzuzufügenden,leistungslohn,mitberechtigt,ehegatten
239,teilwerts,internetseite,bundeswehr,kalendermonat,arglistig,belieferung,gilt,dienstfähig,antigene,referenzfilm,messungen,ausgleichswert,grundordnung,nennbetrags,zustimmungs,ortsüblich,neuberechnungen,grenzwerte,rentenschuld,nacherwerber
240,vermögensmassen,bank,psychiatrischen,teilzeitraum,buchmacher,anruf,verlustvortrags,dienstwohnung,worden,impfschadens,als,adoptionspflege,übermittelt,gelten,aus,entsprechend,rentenbescheids,soweit,anstand,untergebrachten
241,zulagen,sich,hausapotheke,datenschutz,wegnahmerecht,verfalls,bauten,gewaltakt,tieres,grundordnung,eines,haushaltssachen,meldebehörden,stimmrechte,schädliche,aus,zulässig,eisenbahn,urkunde,sowie
242,abgezogen,eigengeschäfte,erpressung,gesundheit,zahlungsbetrag,anlagen,prüfungsrecht,geschiedene,einzelhändlern,bund,zuständigen,wünschen,inhaftnahme,genußrechte,ewg,luftfahrtgeräts,miet,auszubildende,handzeichen,verlorenen
243,handelsschiffe,inlandsemittent,mord,prävention,verwender,netzbetreibern,ordnungsmäßiger,er,erzeugnissen,beamtinnen,bremischen,abkömmlings,beschäftigung,ausgabebetrags,vernünftigen,tageszeitungen,kasse,arbeitnehmern,bahngrundbuchs,sie
244,sowie,dieses,abwendet,gesamteinkommen,anderen,markenabteilung,aufgestellten,zurechnungszeit,behältnisse,gg,küstengewässer,hilfeplans,sowie,versicherte,tellereisen,schutzbereiche,hinzugefügt,sperrzeiten,bewerbungsfrist,dezember
245,teilbetrieb,vom,diebstahl,beitragszuschuß,ausgleichsbank,wertschätzung,kapitalrücklage,dienstpflichten,verfahren,übergangsgeld,verkehr,hilfeempfängers,ausgefertigten,gegen,wasserhaushalts,vor,verletzte,abzüge,notaranderkonto,liquidations
246,dezember,gesetzes,landgericht,träger,wohnraum,schriftsatzes,aufklärungen,versetzte,rechtszuges,vorhaben,vorhaben,ehenamens,einfügen,gesetzes,lebensräume,höchstgewicht,sowie,besteuerung,ehevertrag,sonderwert
247,mbh,eg,sanktion,arztregister,wetten,eidesnorm,wertpapiere,ruhensbetrag,zuständigen,gesundheit,europäischen,gendiagnostik,soweit,pensionspläne,plangenehmigung,naturschutz,sektor,sowie,beurkunden,veranlaßtes
248,kalenderjahrs,risikomischung,dass,monatlichen,geringste,netzentgelte,geschäften,staatssekretärs,impfstoffen,ehec,düngemittel,gesamtgute,minderjähriger,delegierter,bauflächen,eichung,frankreich,bezieher,ablaufe,verstoßendes
249,gebäude,drittstaat,wegen,diese,außerordentlich,informationen,beteiligungen,bildungsstand,fachkreise,gastroenteritis,lagerung,soll,warndaten,geschäftsplans,bodenrechtliche,mündlichen,berufsfördernde,aufbauarten,akten,deutsche
